"Y";"X1";"X2";"X3";"X4";"X5";"X6";"X7"
-581,127182635103;-301,4807;274,8575;-352,5751;-543,2625;82,9939;-1016,2178;"A"
-595,959405214479;-498,0945;144,7811;663,984;-350,5847;-503,439;-1082,3451;"A"
-520,501028389929;-556,9756;96,467;-136,4323;-298,8511;-163,1703;-548,82;"A"
-451,339758092586;-339,4348;344,0506;26,7554;-181,5117;364,2758;-1011,7083;"B"
-262,644697732067;-632,7374;644,5246;-220,6436;161,5214;-28,0707;-2605,9508;"B"
63,122476484137;131,4758;218,0719;-93,7767;240,2808;87,2636;-784,8057;"C"
-435,787935097936;-304,8888;371,3805;659,3679;-504,0835;-245,1396;-1730,4433;"B"
-387,650977333052;-398,2589;303,6335;102,4929;-118,8953;215,5662;-998,7495;"B"
-544,630227802756;-153,0703;132,2836;111,0263;-446,8886;48,0161;-480,9;"A"
97,5206884918387;288,9812;-387,7562;342,7223;76,8808;-421,6819;1129,5612;"C"
-417,78905094257;-526,8751;513,9613;828,689993294274;-234,2847;102,7211;-1952,9058;"B"
-725,134773473756;-371,8664;502,3124;-268,3219;-686,6097;-477,9055;-2486,9368;"A"
-1008,88888603351;-878,3339;189,1333;439,9364;-492,7243;-135,8009;-892,1158;"A"
-721,674740069528;-207,9745;-188,5687;436,7137;-272,5415;164,3745;918,8676;"A"
-99,1577952523485;-348,0494;-23,029;128,8757;-251,8785;-124,6741;-32,3398;"C"
-267,076595192099;-388,7045;-151,7776;114,9638;-121,9654;174,0456;781,3743;"B"
-538,587719378427;-689,7193;235,7479;295,7794;-221,221;30,8421;-911,9312;"A"
-282,495920173284;-361,9;183,6325;18,0528;-116,6441;-23,953;-758,2647;"B"
-298,041386596078;-353,8548;290,2849;187,8711;-350,5175;-310,5094;-1471,4307;"B"
-429,591484208865;-387,5314;-15,6501;40,9579;-131,4158;-80,0851;-17,2664;"B"
-546,165948464258;-610,1153;-229,6133;-3,0745;-424,8017;-567,3739;351,2976;"A"
-215,972289359445;242,156;192,5966;212,1633;-334,3832;396,2856;-373,8825;"C"
-507,893937709643;-88,5318;68,5222;149,2128;-555,8267;140,7586;-133,1119;"A"
-303,415146613652;-206,3075;198,7922;218,2566;-378,2658;170,7829;-624,1676;"B"
-654,500825880475;-580,0503;240,2182;178,2469;-471,9171;154,2983;-806,3562;"A"
25,2449134895186;-250,1808;-804,0211;-387,1244;93,854;-450,257;2766,0457;"C"
-406,835698146477;-152,2611;176,7481;-35,5672;-666,8239;185,6958;-521,0783;"B"
-460,793042332589;-494,7102;-185,9443;415,9276;-748,1873;-613,7173;130,2782;"B"
-226,4457068034;-295,5836;107,4642;-185,7204;-156,2453;-90,31;-519,9485;"C"
-487,938392581075;-456,5555;535,7006;326,54;-480,4674;-309,9289;-2452,513;"A"
-282,341946003967;-674,148;482,5772;-144,5457;-133,3184;-286,9282;-2217,0187;"B"
-636,179365307103;-782,0757;87,0743;124,5324;-227,989;15,2802;-332,7987;"A"
-475,292441483045;-131,1164;-109,0821;130,5748;-443,7146;119,7862;556,3329;"A"
-284,393463330239;-86,7534;553,5842;236,9991;-429,005;-11,9129;-2226,0314;"B"
94,982146657624;384,8641;427,7249;-221,7693;50,3825;320,582;-1390,0993;"C"
NA;-81,1443;47,3151;-204,3826;-434,7836;-225,4011;-414,4432;"A"
-574,703277710675;-333,0938;145,9716;28,5697;-671,0312;-128,6132;-712,2813;"A"
-10,6270575201531;-107,2342;71,5592;77,126;48,1284;252,1258;-33,8927;"C"
-587,028383464406;-308,5185;413,6759;759,3807;-495,9491;44,7543;-1609,731;"A"
-372,202930857497;-210,1863;418,197;70,0272;-172,8884;-2,271;-1674,8407;"B"
-271,828295439129;-101,5976;-54,5664;290,4159;-66,1548;113,0068;331,4907;"B"
-336,561086733714;-241,3079;284,8401;-77,2161;-47,9388;-28,6129;-1167,755;"B"
-406,311550596591;-86,4093;-62,2826;444,5298;-257,9482;71,6928;321,0415;"B"
-103,405316644717;-164,4693;-308,775;151,6949;-155,7847;-154,8709;1080,4474;"C"
-323,887375479124;-156,5986;177,2946;145,7547;-93,2314;-498,269;-1207,2291;"B"
-498,390137910202;-340,9466;484,1483;111,276;-436,1503;-329,365;-2265,7399;"A"
-285,242306131955;-209,7191;255,4748;-360,0062;-124,5121;-236,831;-1258,5119;"B"
-117,619255675664;-197,7041;-135,766;-454,3908;-117,6251;-124,5606;418,7217;"C"
-197,115789375207;-272,4041;145,2209;-281,371;54,8225;-396,0619;-976,7272;"C"
-222,357508847013;-37,1825;67,0957;605,17;-460,637;-221,604;-489,7685;"C"
-533,861193414186;-275,7261;340,6582;87,9535;-655,4308;371,4129;-991,0016;"A"
-221,744053384764;-282,0171;-203,2539;-71,5926;-67,2863;89,2859;902,5198;"C"
-805,862904751522;-799,4625;488,8135;305,9174;-559,0236;-304,6009;-2259,6366;"A"
-590,706196867155;-641,1989;93,8526;95,8073;-447,2835;179,9354;-195,2567;"A"
-547,658832930189;-340,3738;104,0781;129,0369;-530,2157;-139,7647;-555,8588;"A"
-227,055854706431;367,2272;124,8041;64,7192;-320,9393;46,4772;-452,5209;"C"
-614,334080634952;-99,5904;775,2726;-44,94;-402,5621;-86,901;-3187,7731;"A"
-816,801551053372;-564,1518;600,8638;82,7264;-529,813;372,9579;-2030,279;"A"
-518,81214756293;83,2077;470,6672;-369,5949;-331,2313;-405,7793;-2288,2298;"A"
-420,764486895848;-214,9522;115,0853;226,735;-669,2023;-190,6733;-650,7962;"B"
-256,644070038036;-165,1012;459,0892;307,8795;-90,0869;418,5727;-1417,5658;"B"
-732,534360931777;-147,0514;878,462;456,5155;-617,7608;147,7882;-3365,8415;"A"
-273,405314863769;-120,8544;42,9554;-24,5463;-307,2025;-90,5604;-262,1637;"B"
-44,4120110139369;-77,0747;296,891;-164,284;30,3621;-341,7219;-1529,0676;"C"
-414,780727374315;-464,905;212,8544;259,4454;-214,7665;186,511;-664,6883;"B"
-478,535997823785;-328,0665;250,6326;192,5011;-75,3412;143,6207;-858,6914;"A"
107,820771067134;61,646;-412,7154;161,0672;7,2902;161,5945;1812,6744;"C"
-154,229182695981;167,0448;139,9113;-305,6322;-358,0723;369,4617;-189,9652;"C"
-521,011968985954;-182,8072;33,1394;752,1058;-133,9627;-336,0077;-468,347;"A"
-723,365838097915;-625,4838;-114,6684;258,5634;-318,3489;-431,8879;27,004;"A"
-679,464298872883;-332,0034;459,4186;450,1353;-367,5937;29,2454;-1808,2107;"A"
-382,084006087278;-542,7494;134,6949;-26,6731;-181,3533;147,3705;-391,1908;"B"
-255,417824620142;-405,1363;211,6141;256,2266;-262,5238;-362,0922;-1208,3303;"B"
-414,000538729939;0,1958;454,1022;169,603;-675,6456;278,7783;-1537,4122;"B"
-152,5126625228;-67,6193;53,4564;-856,9466;-218,6507;151,6663;-61,941;"C"
-440,687822282033;35,773;0,7668;-182,6874;-566,198;-112,9964;-115,8453;"B"
-185,119974188351;-53,7166;118,835;48,1908;-321,6093;537,4737;62,352;"C"
-437,538134655724;-191,2927;-115,2448;-112,9555;-285,9208;-137,3229;323,8746;"B"
-892,749084315747;-946,2136;395,0697;19,3736;-672,0144;-393,4551;-1973,5156;"A"
-690,190465138548;103,8005;620,5777;135,7423;-273,6764;-335,3895;-2817,482;"A"
-706,707231179193;-100,6046;298,4943;-200,56;-559,2281;45,0327;-1148,7262;"A"
92,913908947099;204,8474;-104,6829;-89,6596;NA;-151,1233;267,8266;"C"
-338,758338293579;-166,588;-14,7725;35,7818;-295,7996;-102,4091;-43,1008;"B"
-107,498779087924;66,6255;-120,4941;67,5767;-119,8842;-264,9159;217,2788;"C"
-733,882889123226;-241,9404;415,4889;363,2777;-757,6526;-483,2514;-2144,9887;"A"
-280,555897414614;-149,366;75,1052;-161,0939;-320,6038;84,3273;-215,8752;"B"
-34,7727249143264;-398,6898;-162,8722;-143,3611;-306,4891;-184,5658;467,1413;"C"
-83,9547758736016;-8,5689;430,4905;NA;87,6329;568,0771;-1153,6666;"C"
-455,944172579289;-79,572;549,7374;-116,381;-243,5482;307,6028;-1891,1285;"B"
-414,533266252274;-478,4726;-162,054;-62,5878;-411,8796;25,8084;674,2427;"B"
-400,851517620227;-530,6705;311,605;131,5288;-138,1204;-31,0778;-1277,2795;"B"
51,7886796432313;-33,4023;-116,0008;-379,314;-285,3569;347,9627;812,1842;"C"
53,643816415275;132,4474;14,4289;-272,1737;192,3689;-138,9845;-196,4818;"C"
-49,7889989870354;-144,0928;-76,6689;-2,2992;-29,6598;89,6271;396,521;"C"
NA;-459,9787;757,3429;-307,7614;-529,1662;-352,8328;-3381,9861;"A"
-628,09676561084;-442,0055;52,9356;-192,7906;-386,6378;-95,2784;-306,8025;"A"
-275,102167644931;-100,2603;-149,5974;533,1812;-335,3104;394,2607;992,8686;"B"
-309,478033632341;108,0182;29,9037;-76,8331;-415,3257;69,5159;-49,8806;"B"
-910,220719212551;-799,6808;190,4111;434,2617;NA;45,6404;-715,7857;"A"
-380,312765223373;-279,4643;-149,2817;-95,1766;-481,0037;26,8879;624,233;"B"
-383,349651295906;-188,6038;433,9136;619,9377;-358,8611;345,0384;-1390,3977;"B"
-147,423575454327;111,8734;15,2029;163,5317;NA;69,2622;8,66890000000001;"C"
-34,1779255198234;233,6862;211,5934;-57,8253;-2,6775;-316,411;-1162,5663;"C"
-314,459982042893;17,1674;193,1275;-245,2812;-444,4437;-217,1951;-989,4868;NA
33,5038192192201;NA;591,4095;-454,6167;-105,0304;-261,1248;-2626,5445;"C"
-255,983363799787;1,7068;236,255;1,4631;-53,5416;-651,3586;-1596,1603;"B"
-410,383207611183;-422,8163;107,0128;311,1346;-290,9467;-236,3439;-664,1768;"B"
28,4721895298252;-549,1133;-357,0146;-511,1728;-100,4908;-18,4961;1409,7806;"C"
-872,679852183261;-433,0683;912,7519;-121,1436;-321,8884;173,3701;-3477,4192;"A"
-252,711462722881;-514,8655;59,9607;-138,3883;130,527;4,8741;-234,7504;"B"
-188,191060363331;-5,585;160,3995;177,4847;-417,0983;-213,6857;-855,0654;"C"
-286,316882321279;130,2012;-130,3341;64,3735;-71,417;-224,8863;296,6684;"B"
-4,84015701531803;101,2722;-215,2272;-168,3245;-54,6443;-262,0339;599,0932;"C"
-253,142926531795;-144,951;406,8486;22,2676;-232,0743;-520,7443;-2147,9204;"B"
-574,747154766728;-54,6511;374,1941;257,8007;-352,8483;-8,8813;-1505,4394;"A"
236,766844756452;139,3829;-379,7797;48,9382;214,6151;-136,4762;1382,8609;"C"
114,022240287301;-118,5861;225,8528;-171,3243;101,2675;320,3779;-582,815;"C"
-257,825177739649;-455,6088;263,8462;-42,6492;-202,9126;103,7361;-951,4304;"B"
-334,381789799478;NA;-39,0142;-155,736;-233,9949;-193,7353;-37,4602;"B"
-408,994951535899;-155,5175;198,0201;-6,6308;-71,5332;-216,284;-1008,1461;"B"
-479,912180845062;-247,2128;747,6954;-15,0784;-191,9647;-48,6025;-3039,1658;"A"
-215,248078410244;-364,7199;66,3306;331,7738;-90,1787;0,3282;-264,7759;"C"
-521,206631900326;-423,0524;179,4154;-319,7255;-364,9035;-416,7618;-1134,2051;"A"
-680,566998717797;-605,4656;240,7862;267,8797;-263,6363;-345,4647;-1308,3912;"A"
48,8192256184286;61,7574;-154,1432;14,8842;-98,6744;238,7973;855,5884;"C"
-19,6302910637301;3,651;-116,2542;-127,7779;-288,3186;2,4055;467,6406;"C"
-29,0422500882859;-19,9757;109,2712;-101,9937;4,0183;157,8539;-279,0126;"C"
-268,536951252756;-244,8579;-169,9669;136,7787;-191,5085;-400,3963;279,6896;"B"
-109,792790853848;123,449;204,1304;-297,5556;-277,0691;-7,1278;-823,4311;"C"
-120,146940090413;-552,58;49,8386;-216,5418;27,2202;-337,8286;-536,9647;"C"
-388,231730671284;248,1285;208,3143;337,482;-319,003;-364,8118;-1197,8507;"B"
-757,078648554314;-658,3352;531,8405;-7,5829;-684,8681;-450,7741;-2577,9178;"A"
-686,481897805692;-494,183;549,9756;-89,0561;-405,8624;64,3134;-2135,3707;"A"
-836,29569837086;-233,712;398,5623;55,7083;-395,9859;-13,0551;-1607,086;"A"
-546,857326296706;-431,5148;401,9893;-786,1247;-691,8069;437,8225;-1169,9164;"A"
-423,086011797475;-8,9061;432,0793;601,5486;-157,2062;-71,9684;-1800,0673;"B"
-125,470496568872;-360,6927;278,2127;38,6424;78,907;235,464;-877,1685;"C"
-534,132574236701;-489,8897;80,5785;208,2036;-408,4113;256,9338;-65,1619;"A"
-461,258330397926;-357,3085;-7,8233;39,3747;-440,8772;-148,0542;-116,5427;"A"
-322,922945682761;-178,5981;197,5981;-17,5209;-0,219;171,4777;-618,6964;"B"
-701,44002348339;-868,2112;261,4209;-100,9173;-405,2943;-299,6176;-1345,0829;"A"
-242,854896275126;-293,7618;55,9772;208,7764;153,8264;-277,7635;-501,454;"B"
-896,421473803289;-547,1922;728,3931;120,0035;-956,4417;-213,2713;-3126,6254;"A"
-459,9939533391;-476,2804;-223,328;114,929;-683,2611;202,6969;1096,2272;"B"
-428,220396769398;-300,1254;283,5525;-124,4106;-413,8481;102,1891;-1031,8026;"B"
-305,708520484644;-437,8987;-192,5694;36,2059;-280,1953;113,3332;883,8291;"B"
-392,843812986993;-443,6408;418,1707;-94,925;-273,9088;138,8019;-1533,6626;"B"
-98,4888526620243;68,7037;249,7877;-263,8707;135,7448;48,0937;-950,8388;"C"
-160,751964635377;-24,6391;34,6575;-239,3379;67,3201;-169,656;-308,0677;"C"
-82,0201350937604;-124,0558;310,6148;17,4278;-233,863;-24,9833;-1267,2242;"C"
-607,444321328059;-670,1754;181,4539;123,1044;-406,0571;-348,2765;-1073,8738;"A"
-246,015923717193;-88,4217;-192,5196;-110,9062;84,1212;-160,1897;610,107;"B"
-272,178322314588;-209,8573;351,9936;-215,1978;-137,2876;-392,3768;-1800,1329;"B"
-454,364008595202;-160,8264;376,3196;241,9515;-633,5924;10,7582;-1494,3019;"B"
-357,007706452873;-269,074;369,7118;-105,4226;-116,1619;106,5154;-1372,1135;"B"
-723,289500627693;-524,2008;379,4741;120,6474;-513,0898;-271,4794;-1789,1575;"A"
-539,170163959573;-259,6333;456,5313;389,783;-211,6042;-353,4315;-2179,3384;"A"
-598,932066913506;18,2156;4,6072;-159,9396;-565,154;-205,1631;-223,3736;"A"
-601,146976890297;-169,8471;380,9693;122,3128;-282,9269;130,0935;-1393,5654;"A"
-353,570314043532;-326,2342;625,9029;-185,1099;-342,5896;-169,3391;-2672,7324;"B"
-223,609217288463;-4,8376;-40,649;249,2834;-257,0741;419,578;582,3923;"C"
-560,52100586352;-381,2877;6,3087;-452,2365;-381,0385;167,0178;142,0013;"A"
-603,896367491798;-116,9522;217,9067;26,2333;-542,2935;43,9727;-827,4358;"A"
-276,90276874706;-81,3455;51,9729;-288,0914;66,3512;-16,0619;-223,7352;"B"
-219,261381709737;296,9022;-9,6377;-81,646;-285,499;-278,5974;-239,8283;"C"
-340,368480951811;-175,664;468,3692;-75,7812;-220,5313;-77,9231;-1951,1816;"B"
-90,2002749237592;-175,3547;121,1416;-163,3398;-146,6688;-208,0044;-692,3525;"C"
-219,759675745973;-49,9865;204,9336;-177,5716;-91,9769;-152,7596;-972,2757;"C"
-129,851176973248;-63,1944;118,3582;-192,152;120,2654;230,7887;-242,4258;"C"
-650,587638729448;-50,3978;193,8291;676,0041;-588,691;-71,9847;-847,0828;"A"
-413,319717623857;-193,1596;319,8415;68,1418;-157,5878;42,1333;-1237,0144;"B"
-210,413635252082;-163,5754;173,7413;-222,7537;-149,5626;-263,5117;-958,2586;"C"
-504,54201084454;-173,6016;477,311;497,8969;-540,5063;237,2363;-1671,7894;"A"
-599,766747215601;-233,1792;445,3944;69,3055;-282,7147;-268,673;-2050,0323;"A"
-67,6953454547265;-5,5823;-437,9398;-66,8858;313,9407;-66,843;1685,1345;"C"
-156,570924915131;-149,4049;108,8566;-21,7454;187,2899;212,2365;-222,9716;"C"
-643,182753239762;-304,1898;337,2745;23,4728;-777,3894;-159,0329;-1507,9126;"A"
-333,46831501305;-26,548;86,5235;220,2925;-238,0698;-614,4869;-960,3626;"B"
-256,052239797884;194,8561;186,1145;251,1786;-274,3162;79,6111;-664,6286;"B"
-169,109968141181;-313,1331;-15,8374;-175,8112;-244,1545;-107,0665;-43,4986;"C"
136,6361846756;194,9849;187,756;2,2128;74,8137;-145,142;-895,9477;"C"
-164,652730951672;245,8802;245,9507;-159,9189;23,3952;309,7329;-673,8516;"C"
-772,921972850743;-294,3905;243,5635;329,3999;-224,1964;-154,3979;-1128,4336;"A"
-250,045714916283;-416,1043;389,6422;33,4529;91,9768;-214,7622;-1773,1127;"B"
-374,437103435965;-342,5874;-251,7853;185,1803;-167,9933;564,2294;1571,5889;"B"
-15,3994851691388;45,1369;84,9298;59,2374;-115,0007;-1,7996;-341,3005;"C"
-676,272409545808;-755,5156;453,2309;58,7854;-432,2273;-156,4943;-1969,1996;"A"
-489,588270110805;-400,3499;462,8286;319,0553;-535,5787;83,6135;-1767,4826;"A"
-412,631796248751;-183,8951;-262,779;221,6388;-266,6077;-245,0395;806,2948;"B"
-329,464610414234;-356,9119;-50,5983;295,2016;22,3826;-215,4522;-12,8407;"B"
-133,4729436835;61,9195;-114,3515;93,0667;-145,21;7,6258;465,2501;"C"
-140,118038034625;-18,3258;14,3825;-107,6608;-407,0097;238,4993;181,1876;"C"
-98,3261858674895;6,2149;98,7324;-25,903;-64,7069;-242,5521;-637,2634;"C"
-184,921586592975;-16,1617;-380,5804;-328,2922;80,3323;-390,5218;1132,0181;"C"
-606,122020625709;-419,8889;235,2824;601,3524;-781,2084;138,1541;-802,7572;"A"
-230,000848351195;-102,535;25,3007;-205,9206;26,276;164,9169;63,9324;"C"
4,51798538800386;-141,0652;196,6459;327,2045;17,1183;174,6022;-611,7631;"C"
-756,789247045897;-921,5684;137,6787;-20,488;-854,4372;-376,7192;-927,2157;"A"
-677,621898530689;-306,6219;218,3335;112,4314;-560,9542;-62,8975;-936,0132;"A"
-222,28791232709;-53,8829;-213,5058;-71,2562;-389,8629;371,6013;1225,8428;"C"
-539,005636343205;-282,3758;333,0874;406,9598;-241,7658;79,101;-1253,0303;"A"
-181,954088748966;23,5708;-108,8345;-145,4857;-160,8963;158,1851;593,7414;"C"
-138,331205689727;-155,5541;172,9303;205,3931;-93,2137;-120,8361;-812,339;"C"
-324,666074050519;-409,2756;201,7445;92,3379;-359,0927;-84,6768;-891,4365;"B"
-735,883511965897;-222,8554;618,3613;-228,5002;-82,762;-144,5423;-2617,7692;"A"
-218,550045092503;91,8759;-195,8722;-238,5036;-211,7213;-25,8245;757,8826;"C"
-928,24897302942;-162,5397;332,2125;381,0929;-1125,2764;-438,3763;-1767,008;"A"
-613,326401699352;-249,6448;4,316;-82,1416;-528,206;-218,0766;-235,1223;"A"
-486,259639779709;-110,4719;69,7519;-36,1322;-385,7137;60,3341;-218,4552;"A"
-240,625551445751;-149,7127;-195,136;202,7334;-353,7578;-299,9895;480,7728;"B"
-739,530727392493;-373,217;205,7566;71,9204;-691,3986;136,6293;-686,1788;"A"
-283,452946894218;-203,6356;133,8641;94,3471;-452,4984;79,4564;-455,7817;"B"
-730,515970330229;-481,6922;710,549;287,2956;-258,3384;-50,4264;-2892,4041;"A"
-142,225547980856;151,926;-336,8019;113,5892;228,9772;-159,0008;1188,4251;"C"
-709,754805251875;-246,9187;161,9608;-39,5267;-380,8212;166,8411;-480,7838;"A"
-499,839713366737;-525,666;119,5317;NA;-307,4849;72,872;-405,0365;"A"
-467,359818764513;-285,8556;93,2575;-82,426;-446,768;212,6284;-160,1833;"A"
92,2173745772422;-126,1007;202,6211;-228,8805;391,9899;333,8561;-476,41;"C"
-54,2501969746926;-97,3461;340,4936;97,8775;106,6898;228,103;-1133,6531;"C"
-803,046247258772;-451,0881;603,9336;277,11;-297,6764;-116,8043;-2532,3204;"A"
-81,4069493105263;-313,7532;-69,8815;59,3214;-57,7266;114,4655;394,2098;"C"
-181,12857151554;-227,0333;281,0463;-229,43;-372,8908;-116,6675;-1240,6344;"C"
-312,644987031893;-61,1662;208,8216;232,3149;-479,878;-376,6016;-1211,6697;"B"
237,727729273989;-192,2779;-380,4992;-193,6293;57,8529;40,8584;1563,0735;"C"
-393,645126804419;-467,2124;-193,8542;153,9027;-314,1015;-455,1562;320,4789;"B"
-515,571077815809;-315,9127;539,0393;583,7963;-324,9302;102,8668;-2053,0721;"A"
127,242822141318;255,8312;416,8865;35,0978;-71,5903;454,4804;-1212,8473;"C"
-508,419551823406;-393,7611;26,6158;46,9485;-296,9513;257,7254;151,4805;"A"
-378,032965814141;-211,8046;65,6977;179,0949;-186,9008;-645,7079;-908,2804;"B"
-464,134544481746;-354,9948;408,5548;-243,6209;-44,3664;-16,249;-1650,2499;"A"
-250,82429431797;-238,6859;435,914;75,6194;255,7872;17,8329;-1725,6048;"B"
-70,9051605341663;154,3379;-43,2854;195,6421;86,6478;389,3135;562,6734;"C"
-431,304679113582;-508,9405;131,7203;-131,7764;-523,1508;39,1141;-487,5488;"B"
213,024712592309;-104,8433;-353,378;24,2678;87,2869;-35,1996;1378,5307;"C"
-291,49266683093;-343,6787;145,4554;177,2644;-84,4508;-251,4558;-833,0591;"B"
-287,534121274074;-125,5944;476,2638;16,5822;-90,5177;-268,243;-2173,0799;"B"
-335,544431052594;-40,7672;335,3905;-33,7653;-166,0411;-0,7102;-1342,0539;"B"
-51,2956738112827;-221,2951;180,3528;-435,7706;-170,4241;416,9883;-304,2046;"C"
-94,8579624465625;-74,9369;166,8027;66,3741;-6,3091;873,4086;206,4161;"C"
-559,669194573304;-317,5045;440,4172;-131,9711;-191,6762;-300,7729;-2062,2234;"A"
-644,986560794154;-607,7601;500,4049;-9,918;-209,3344;-118,938;-2120,3393;"A"
-479,450655138446;-151,3406;382,1618;21,9298;-557,7737;-160,5096;-1688,9385;"A"
-650,481513536122;-411,0744;182,0368;222,2255;-327,1641;-257,6629;-985,5918;"A"
-99,04477693497;264,8306;-195,9669;-55,7974;-346,9875;327,0251;1111,111;"C"
-122,001461495036;46,7378;87,8439;371,78;-235,3809;-141,2412;-492,3985;"C"
-515,8744315372;111,8597;503,1952;592,568;-496,3849;181,8383;-1830,7242;"A"
-443,346818402146;-204,6229;-71,1451;-232,3719;-359,2249;-2,3335;282,4652;"B"
-377,582973737115;-259,5844;217,9609;291,4317;-322,0631;-145,3516;-1016,9769;"B"
-477,368580377188;-203,1478;403,8332;-379,3962;-277,5019;-54,3034;-1669,4179;"A"
-612,75804830999;-110,752;211,0873;527,1791;-562,3633;-103,681;-947,8119;"A"
-367,19016781048;-321,9539;543,6196;219,9609;-405,9734;-350,6008;-2524,8609;"B"
-410,945940811987;-210,4137;176,7247;-586,1977;-241,5198;-3,2278;-709,9083;"B"
-217,162607186589;-39,242;47,3488;211,9394;-373,9764;-126,1982;-315,3751;"C"
-729,174198864746;-489,8139;366,8888;-283,8253;-540,7202;-225,3772;-1692,7141;"A"
-516,34797705485;-326,3025;527,0139;-5,9985;-447,8491;-177,7685;-2285,6058;"A"
-180,795205935507;-242,8651;-188,1176;384,4034;353,7211;-390,1775;NA;"C"
-96,2584371598163;66,7954;29,5938;321,8192;32,4676;NA;-236,7895;"C"
-349,633424831958;-218,1133;452,6714;-14,803;-166,8057;-258,6385;-2069,1058;"B"
-477,69372969097;-324,8998;446,0603;294,0642;-476,7229;-301,7783;-2085,8012;"A"
-591,23342655545;-130,9066;72,1114;50,7539;-809,5307;-220,1026;-508,3299;"A"
-156,920418450341;34,5455;-89,6441;52,2924;-368,4118;286,5964;645,3911;"C"
-173,171297600013;-250,2044;162,9878;310,6246;-56,4422;-275,4611;-927,194;"C"
-167,683825599568;183,2315;-214,2228;311,1295;-44,6952;133,2245;990,334;"C"
-466,451626729326;-197,9583;545,3032;-26,5685;-467,865;-147,5547;-2328,5492;"A"
-490,938132203279;-463,1511;107,2019;-385,3382;-35,6444;143,2496;-285,3397;"A"
-446,136826285625;-437,3485;236,082;329,6977;-490,8585;34,5398;-909,5699;"B"
-324,031955722408;-214,8431;21,9674;267,7188;-340,0805;284,3736;196,7223;"B"
-355,053234134602;-44,7996;399,2741;369,0465;-251,7131;78,7837;-1518,0944;"B"
-364,092182814536;-251,5137;482,9109;321,2626;-209,467;247,4138;-1684,0115;"B"
-44,9610268495093;-32,1381;-8,6533;137,7251;-51,2282;104,6817;139,5132;"C"
-340,569842996946;-324,5014;-41,8924;-254,2596;-11,1171;35,4965;203,2844;"B"
-538,115731182963;-529,9406;649,0357;513,1468;-486,6156;-260,3433;-2856,2678;"A"
-423,502083462888;-59,4497;-130,6774;-161,091;-348,9631;-250,9626;271,9653;"B"
5,84571868657162;-264,9925;-642,9207;4,8994;-2,9878;149,3516;2721,2527;"C"
-779,596263519365;-251,3394;588,4191;85,6494;-379,7805;179,7092;-2173,7489;"A"
-345,15610860187;-228,1047;-140,4455;201,6363;-87,4339;-445,5662;116,4341;"B"
-727,897687196997;-531,9423;255,3023;139,7874;-737,2776;-187,0015;-1207,9924;"A"
-414,90329795735;-234,1246;-42,9437;34,5243;-397,4491;-83,2599;88,7332;"B"
-237,177449987243;-366,3067;-341,0615;-16,6995;-295,4619;-283,631;1080,8333;"B"
-128,213595009205;66,5894;199,4602;196,7544;-274,169;-469,692;-1267,3145;"C"
-430,815486497383;-211,3705;-80,7268;153,0266;-146,7549;184,7476;507,8731;"B"
-170,408976981566;-197,1906;445,3269;-271,2344;-302,3767;-70,3917;-1851,481;"C"
-78,6923713983982;147,786;-79,2106;151,2239;-182,8435;-178,357;138,7037;"C"
-665,305935970941;-433,2592;212,5685;137,2607;-402,5507;157,7518;-692,3039;"A"
-553,742462378957;-278,8915;168,2777;-6,5116;-262,4314;-229,9291;-902,8216;"A"
-614,322602551166;-523,4232;342,235;-183,3875;-317,9283;-263,7067;-1632,4284;"A"
-711,287177073617;-529,4005;778,9477;367,2875;-660,986;196,3087;-2919,2638;"A"
-125,917476363932;-65,5022;133,5616;-123,8123;-117,8178;35,108;-498,9201;"C"
-607,823187295273;-490,8027;290,2397;447,6029;-291,7029;20,6553;-1140,0852;"A"
-341,074455464437;-178,3526;264,8141;-22,9611;-284,8531;-487,7155;-1546,7536;"B"
-532,438263535382;-215,7779;458,3359;409,1999;-381,6405;-5,8908;-1839,0161;"A"
-399,890264981232;-123,2353;37,1723;287,7065;-330,21;-65,7806;-214,2515;"B"
-644,012142202325;-525,8337;521,3044;1,1848;-508,1492;-91,1509;-2176,1502;"A"
-260,366650857964;-203,931;62,8016;15,6596;-470,4252;-129,7915;-380,7796;"B"
-69,2129719104158;-114,4201;198,5228;-113,423;-32,3264;292,3678;-501,5051;"C"
-467,619622310621;-142,3022;-320,4518;285,2548;-376,4321;-308,7528;973,2727;"A"
-314,864378522965;-72,6421;-0,3029;88,3429;-127,3644;-47,1086;-45,6787;"B"
-185,919192428826;49,4171;-149,6532;383,3926;-119,4516;-18,8117;580,0194;"C"
253,250108779478;52,1054;-264,3284;232,0994;135,235;225,2011;1282,733;"C"
-276,926923985553;-246,0804;-52,134;-123,8122;-169,7572;23,1485;231,9028;"B"
-374,366932249619;-185,8613;162,0905;321,2238;-239,1915;-272,1475;-920,2912;"B"
15,343539382427;141,7282;64,4095;-22,2287;128,0425;263,1551;5,73540000000003;"C"
-425,567103619171;-232,8398;51,9806;-100,9467;-507,0335;-128,5577;-336,2618;"B"
-414,730173439512;-470,2541;323,3175;-265,4437;-350,7308;42,2386;-1250,8131;"B"
-128,068576941655;-164,7941;250,272;93,5589;29,5804;-144,427;-1145,2967;"C"
-302,05966951833;-312,5592;586,1381;-573,9121;-261,1024;426,6853;-1917,6488;"B"
-461,173258167096;-311,2801;554,607;42,5005;-229,7435;-351,7136;-2569,9233;"B"
197,820649525219;263,676;37,4924;263,4626;36,0298;-254,4744;-404,2257;"C"
-265,290225752561;-106,4765;71,4408;-286,6428;-464,1593;228,6072;-56,9377;"B"
-22,0699610674;-50,6123;-281,2693;138,6389;79,7449;438,5584;1563,8539;"C"
-542,444862937253;-485,4592;388,8396;-320,5052;-413,8532;NA;-1700,9365;"A"
-276,462687174588;-180,9653;66,9212;559,5835;193,6719;-352,1696;-619,6361;"B"
-847,716540196319;-350,7675;-14,2169;319,4371;-439,2054;-625,4368;-568,3509;"A"
-473,252711697314;-559,2831;-7,204;-139,1635;-251,2853;-9,3653;19,669;"A"
-694,441151767549;-475,9444;444,5824;-35,7656;-255,6638;117,7764;-1660,3349;"A"
-833,904430083734;-605,1322;501,4187;160,9777;-693,3766;-22,2442;-2027,7007;"A"
-733,544864201518;-93,351;367,3351;279,0119;-628,2668;56,3185;-1412,8036;"A"
-139,957351113121;-398,2331;-210,4726;-624,6452;-130,0691;-495,5892;346,5195;"C"
-135,537457105345;-249,993;-122,4303;135,5939;-76,4524;6,8128;496,7523;"C"
-203,694828583311;-231,2313;491,8965;-372,3128;8,8544;-438,6708;-2406,0385;"C"
-289,107489289476;53,6733;-88,087;0,2517;-123,8153;-335,1712;17,3951;"B"
-736,236155174209;-387,6373;469,0037;273,9547;-287,5713;-337,6955;-2213,492;"A"
-637,246680891898;-235,483;344,8092;95,1163;-641,9745;4,9919;-1374,0266;"A"
-400,114394269563;-670,2231;267,6715;111,2829;-497,6554;-394,0042;-1464,4719;"B"
-565,509173751534;-312,8684;282,1219;80,0895;-423,0621;-249,13;-1377,3993;"A"
-524,815767786177;-281,2291;307,8549;-106,9377;-379,7343;-93,4669;-1324,6682;"A"
-136,215041437855;16,5226;-300,8473;-87,4179;-187,1412;402,6072;1606,2147;"C"
-553,333915297451;-72,4626;518,3463;-124,7655;-350,9582;-126,1816;-2199,3485;"A"
58,3373658574572;392,5429;113,7416;5,2426;-208,1833;-35,4389;-490,187;"C"
-725,486670889878;-371,8353;332,1346;175,803;-874,75;290,3795;-1037,9406;"A"
-158,884792909259;59,8824;-196,1087;-7,9594;-63,341;-72,3551;712,298;"C"
-630,515080502782;-363,773;288,4688;341,7845;-522,2651;-575,9387;-1729,5956;"A"
-447,405628893949;-387,3678;272,2556;-25,7854;-381,7402;-139,5745;-1228,3786;"B"
-669,336684959615;-456,1643;445,6116;-158,9703;-268,0023;131,4642;-1650,7639;"A"
-236,072326872938;-169,8309;-318,0389;-125,7493;-257,6837;258,5494;1530,9233;"C"
-778,058055404912;-324,3348;308,8226;-123,7119;-489,9202;-37,5851;-1272,6572;"A"
-204,787820281009;-154,1267;129,8632;-46,0129;-92,5801;27,8654;-491,3691;"C"
18,6790960921513;-142,615;-149,3935;-346,3605;-94,5701;-229,009;368,7833;"C"
-84,8600271446861;34,4622;553,6803;-163,2352;-148,8808;81,7718;-2132,7311;"C"
-504,648112553296;-338,2409;201,9855;-113,8184;-106,6237;-56,7992;-864,5229;"A"
-90,6538981808958;-33,9986;155,9305;183,0436;-60,6419;-134,3017;-757,8054;"C"
39,3285217229263;-195,4217;-111,865;-373,4271;114,1734;179,7562;627,4345;"C"
-561,795763251309;-248,3476;400,0772;-138,4871;-704,4409;-349,1353;-1949,2258;"A"
-828,291503074653;-452,9459;525,7851;187,1218;-763,3052;156,6495;-1946,2726;"A"
-270,16565235895;-368,8705;-112,9459;-507,4428;-187,9161;361,3287;813,3306;"B"
128,187691685379;232,4917;432,29;-243,4029;133,7459;22,7394;-1706,2023;"C"
-146,528038485204;-372,3543;240,9531;502,8402;-200,2447;-244,2042;-1207,7983;"C"
-397,134050027183;7,4026;415,9012;-257,9022;-162,2371;-10,41;-1673,7965;"B"
-451,865235835886;-627,4278;249,3721;-211,4251;-524,3066;-143,5616;-1140,8317;"B"
-306,848425766924;-107,5363;-288,7838;-69,6217;104,5733;-146,572;1008,7815;"B"
329,845484663243;129,2237;76,3568;-122,3125;354,941;-34,5618;-339,7707;"C"
-544,330438334732;-483,869;247,8814;-629,209;-245,0542;-35,8219;-1027,1292;"A"
-419,76763995107;-510,4853;20,7009;128,9115;-355,3297;-250,9854;-333,5707;"B"
-703,595397141153;-247,3626;133,0198;825,394031006356;-178,6732;-234,9712;-766,8321;"A"
-199,773234491458;55,0773;1,9836;450,7272;-193,2698;-473,9458;-481,6619;"C"
-73,7545041193965;-59,5971;130,569;473,6436;203,4987;-180,5483;-702,606;"C"
-500,487960420525;-431,048;165,0965;-412,9245;-251,4422;-418,1477;-1078,3154;"A"
-391,999088936281;-116,7048;278,6238;48,8253;-118,9141;34,3287;-1079,9482;"B"
267,498475965263;-79,7908;-227,129;99,6854;293,9463;-134,6527;774,0816;"C"
-294,747879320141;-480,5058;232,2985;111,612;172,7241;401,059;-527,9167;"B"
-608,841177552078;-395,0832;244,8679;12,2201;-483,7927;388,134;NA;"A"
-502,323334372324;-108,6381;567,2752;261,516;-277,3843;162,657;-2106,2255;"A"
-555,644663544787;-103,0552;-124,9402;9,1561;-571,4929;473,6408;973,6199;"A"
82,9618453268506;16,2928;-170,9039;-202,6825;80,4212;28,4754;712,3093;"C"
-413,855652462242;-275,1068;343,9622;100,4361;-42,7431;123,9458;-1251,6847;"B"
-208,695334671202;-384,8989;20,1508;281,624;-139,9255;272,7477;192,3628;"C"
-118,496652913936;-66,0265;423,7649;94,6244;63,7039;529,6429;-1165,1984;"C"
-406,477256718984;-144,6632;309,4046;518,0495;-170,1771;354,7817;-882,6184;"B"
118,871634927636;143,8791;-31,5435;-77,1028;5,7844;273,9396;400,3319;"C"
-695,56974900465;-561,1489;723,609;-271,1067;-243,7514;-242,813;-3137,0307;"A"
-36,1472383500176;-329,6856;103,2623;174,3186;-37,5482;180,6656;-232,1653;"C"
-469,596862522904;-477,6338;345,3251;27,5756;-366,9299;163,3493;-1217,7328;"A"
-435,150450404844;-579,3103;384,3185;31,1302;-418,5799;-445,948;-1983,0037;"B"
-236,333139869938;12,8029;-110,272;259,4245;-130,0366;56,7222;498,0285;"C"
-194,070231242577;96,6382;247,2758;279,4849;-92,4685;-363,7553;-1352,6402;"C"
-238,569645328718;-73,816;97,9154;-3,0485;-507,7208;511,4028;119,9595;"B"
-474,603317442303;-265,4963;251,0593;187,9892;-214,4909;-84,4943;-1088,5132;"A"
-502,309207236979;-559,8311;151,0342;-270,1034;-571,9858;193,5762;-410,3423;"A"
-77,8722449211052;-73,1524;-335,5275;-242,0443;-59,7116;5,3171;1347,6454;"C"
-133,64177748064;-169,5916;-231,9802;-2,895;51,0375;384,4759;1312,615;"C"
-586,062332805732;-511,4944;356,5905;-449,0975;-396,1392;-75,133;-1501,2767;"A"
-103,273425323565;-63,2378;NA;225,3813;106,1655;-137,9453;-700,9902;"C"
-752,913095500077;-464,8273;469,9339;190,9354;-557,1637;-461,165;-2340,6823;"A"
37,8459842803202;301,5722;-185,8993;284,7947;6,9736;-163,7597;580,0558;"C"
81,5702730622416;-220,1584;-112,7833;482,2252;-119,1033;-227,6493;223,7022;"C"
172,742665537474;145,6448;-223,4815;129,5476;110,5408;305,1227;1199,267;"C"
-465,699523908388;-261,7964;118,4562;173,2177;-670,3687;-382,0474;-855,6539;"A"
-718,046557551796;-466,3757;360,0859;490,8554;-483,9771;-83,8502;-1523,9755;"A"
-682,196152136408;-469,277;416,6427;-287,9713;-563,8072;-450,7446;-2117,0971;"A"
-820,153880307915;-641,5205;833,2607;325,2295;-398,4319;-243,3635;-3576,188;"A"
-189,311169268519;166,6075;-40,6048;-75,0703;73,3692;12,5737;175,2112;"C"
-293,751183776871;-311,7468;-82,7138;-243,0253;-344,8503;-293,8167;37,2568;"B"
-838,551305803312;-1057,4377;610,2614;-304,534;-512,2643;390,5679;-2050,2594;"A"
-246,379562210076;-388,9991;75,6745;409,4269;-296,462;336,5093;34,0296;"B"
-2,91058426727983;260,9648;-94,5954;-261,4322;155,4495;-74,4964;304,1035;"C"
-579,525398151739;-178,1385;396,1348;-310,8266;-308,5818;-53,0032;-1637,3241;"A"
-221,839629195823;-175,2985;98,7182;-233,4149;-352,1124;-172,1874;-566,8419;"C"
-596,956380175306;135,5871;83,0093;NA;-508,2751;-176,386;-508,2049;"A"
-334,254689347251;-163,5767;498,0545;260,1826;-61,3397;-251,0364;-2243,0361;"B"
-587,825667689853;-460,2918;121,9505;-400,1976;-604,6913;32,1325;-455,4512;"A"
-722,559156244205;-497,3337;96,228;-49,8261;-434,8033;253,1766;-131,5171;"A"
-447,682433162208;-69,8448;140,5699;107,7355;-183,8478;126,8977;-435,1636;"B"
-490,428574287605;-58,538;404,342;-296,5115;-312,9759;-746,6772;-2363,8269;"A"
-546,24407839482;-574,4825;-388,1068;28,6018;-304,0689;65,1655;1617,811;"A"
-200,383926387568;-196,29;218,9527;-56,9449;-147,7096;167,8112;-707,7813;"C"
-340,427870743178;-348,1899;-159,6568;617,2928;-285,2985;-1,8694;636,9761;"B"
-258,582476984366;-7,88;661,4375;438,2033;-195,5559;-21,2911;-2666,8228;"B"
-105,539965613381;136,0001;-91,5545;-49,7172;-393,0001;258,1323;624,5686;"C"
-569,807128065367;-291,8459;249,6221;-15,9373;-349,364;296,5407;-701,7294;"A"
-362,362166109248;-328,1687;76,9379;-221,5077;-249,9057;-234,8633;-542,3966;"B"
-64,6539512307561;167,5902;-164,2173;267,9504;28,8154;449,0798;1106,1673;"C"
-158,281548796681;-231,6701;-174,5272;133,3553;-363,8671;141,1114;839,4385;"C"
-379,760568482163;-577,6975;549,0939;-106,1376;118,0887;-108,3219;-2304,4792;"B"
-596,277599795126;-662,2573;361,2786;-10,567;-495,6567;-440,2107;-1885,1068;"A"
-629,138383094451;-25,4957;480,2756;-131,4425;-276,5139;-259,619;-2180,5031;"A"
-264,166005583554;322,9051;-69,4123;14,6609;99,4121;-478,67;-200,8025;"B"
-453,387086712558;-264,4863;-243,4805;344,0248;-103,0633;334,3622;1308,5025;"B"
-278,004484321251;-388,5976;39,5113;-420,0994;-618,5626;32,2494;-125,5775;"B"
-31,1229032073362;211,7178;-64,7591;395,5938;-133,2702;-596,0864;-336,8317;"C"
-356,164588957983;-625,9301;104,0461;235,7527;-185,163;294,478;-121,4881;"B"
-34,4744501058323;-444,7705;-25,0598;236,0869;-94,8361;-39,8222;60,6353;"C"
-654,844901140487;-170,6091;-5,6138;17,7992;-649,9971;-192,59;-169,9165;"A"
-248,788476143176;32,8629;18,8585;424,5904;-290,2951;45,6672;-29,5485;"B"
-3,75871253217019;-237,1375;6,9455;298,5474;-17,9272;-487,5674;-515,1311;"C"
103,768763200115;31,61;-150,5952;-512,3855;-15,7045;389,8806;992,4797;"C"
137,301790290498;164,4206;-217,8341;169,1252;133,2932;40,4475;912,0022;"C"
-192,093139401648;-38,7164;-34,1639;-22,1937;94,8839;268,1068;404,9807;"C"
-309,804002060166;-118,6622;29,3498;419,1482;-279,4852;-230,5841;-347,765;"B"
-27,9695524334138;187,0319;2,1287;319,9044;485,2986;-255,989;-264,2855;"C"
-587,790643475709;-183,9333;605,1795;-232,1989;-380,4203;-365,1676;-2785,6673;"A"
-341,415752968298;-111,8947;398,7267;408,5142;-252,4417;-45,858;-1640,5465;"B"
-514,44682436818;-330,6788;960,141289633734;-354,353;-244,0736;-228,0063;-1465,398;"A"
-75,0286433034337;69,8733;79,0405;51,1296;-218,011;-80,3861;-396,3298;"C"
-416,203529206157;-201,1155;486,608;-236,94;-379,1215;-252,8558;-2199,0695;"B"
-47,582599379892;-146,7272;-51,8707;204,6674;35,1998;106,2837;313,9848;"C"
-417,70810096113;-412,5947;139,291;-140,0715;-349,0979;-526,3847;-1083,3304;"B"
157,442605580112;141,4934;-15,6973;-181,1119;49,5886;311,8011;374,8086;"C"
-803,579849362759;-279,0258;650,1191;-68,2755;-589,8326;-306,0355;-2906,2936;"A"
-434,935915011314;-324,7594;248,1459;27,6205;20,7321;-447,6651;-1440,0304;"B"
-651,449800517954;-451,4113;-87,5625;-260,6197;-399,6595;-6,3188;344,1495;"A"
-360,918653317687;-62,5895;503,4606;-72,9412;-62,9993;354,6607;-1658,9634;"B"
-218,815494416741;24,4771;569,2048;15,8191;-258,9543;-95,0963;-2371,6972;"C"
-410,901206038538;-108,3842;370,0956;633,3482;-191,406;392,3099;-1087,8542;"B"
-659,645696476152;-683,4568;447,9415;41,2525;-813,5394;88,2108;-1703,3369;"A"
-467,024090116378;-172,2634;476,4178;-350,3363;-317,2322;-116,7985;-2022,2514;"A"
0,441826107776933;153,7955;-182,1882;-357,4704;277,0649;-640,9188;88,0522999999999;"C"
-327,539679967243;-280,0302;-90,9062;-125,6433;-114,0908;-178,7306;185,1125;"B"
-175,801106711853;-193,5701;218,4074;-279,714;-317,0609;601,0386;-272,3727;"C"
-154,404070316754;-53,2053;-97,5343;225,1756;-247,0728;-524,8099;-134,4544;"C"
-492,85751903451;-769,2091;329,9606;339,8187;-388,1104;-236,7137;-1556,3378;"A"
-711,746256537177;-406,8463;186,1177;381,7748;-524,4352;-154,7453;-898,9978;"A"
-342,909013668224;-193,1594;80,0666;66,6959;-242,8988;-119,7073;-439,7554;"B"
-884,966691810346;-301,8501;574,5788;73,7078;-813,3434;223,7262;-2074,3707;"A"
-567,249967415171;-559,1902;707,2697;0,5885;-673,6927;37,157;-2791,7035;"A"
-326,605175133945;-278,6425;-31,794;214,9328;-181,0237;292,7819;420,1762;"B"
-413,532468154209;-588,0015;233,9577;152,3457;-276,2898;-7,3108;-942,9233;"B"
-330,351252825609;-348,2515;116,0448;189,2621;-289,2066;-403,5542;-867,5151;"B"
-2,13093234028514;45,9589;110,0728;-34,0391;-56,4312;120,8215;-319,2514;"C"
-1043,87515410598;-912,4099;439,9599;401,4099;-849,6498;43,0417;-1716,5796;"A"
-240,936523639353;-100,4546;174,5267;257,8352;-146,6067;-171,1877;-869,0762;"B"
-711,809297731759;-477,8268;588,5638;41,7779;-151,0111;-51,4665;-2405,5034;"A"
-382,341944459964;-600,7563;331,5432;-88,5212;-355,6361;-126,3627;-1452,3172;"B"
-354,93709327676;73,1003;111,7285;133,8158;-246,5748;-43,0595;-489,7552;"B"
-661,326502999741;-201,9461;18,6702;-295,107;-322,4319;-174,7727;-249,2352;"A"
-314,795131865455;-126,136;-116,6136;6,7348;-298,3359;45,0236;511,6963;"B"
-429,691267918274;-347,7716;219,631;67,0003;-289,1736;176,5491;-701,7566;"B"
-528,232729728854;-135,724;525,2571;34,0755;-214,806;280,8913;-1819,9188;"A"
-460,839270492894;-213,3903;415,956;286,2697;-221,2343;-335,6774;-1999,2831;"B"
-257,744916166251;-239,7373;407,1498;-240,2568;21,315;-224,9194;-1853,3003;"B"
-3,15907395414183;-194,8529;-306,1448;-200,1665;156,1782;-98,8273;1125,9702;"C"
-444,313310406468;47,6753;-10,0598;241,6103;-134,5985;171,9653;212,4228;"B"
172,27724463893;207,3473;-147,0629;-613,5906;78,2006;10,9635;599,4334;"C"
-469,454954663345;-55,7364;36,3616;-228,7374;-529,2842;101,9844;-43,2437;"A"
-385,196498380674;-555,7292;118,5452;238,9744;-164,5219;142,48;-331,4825;"B"
-599,226828308799;-528,9624;406,463;29,8363;-192,6998;-77,4684;-1703,1021;"A"
-961,498674443395;-670,5423;432,3;-162,5641;-827,9155;-239,3373;-1968,319;"A"
-279,484715919551;-121,3571;367,7972;-348,7762;-92,1722;-490,2136;-1961,1841;"B"
-538,817292634466;-766,8658;207,7275;118,3422;-473,2181;160,332;-670,3597;"A"
-327,210454997213;-272,6189;-208,9519;-478,2001;-513,2021;-114,8709;721,155;"B"
-116,991495695105;-206,7188;410,221;-64,3518;-120,3765;196,4231;-1444,2426;"C"
-102,611270556616;65,2924;-174,4985;145,2688;-220,9988;64,5216;762,7339;"C"
-604,914850434667;-284,2508;318,672;2,0664;-457,0507;29,1583;-1245,3114;"A"
-264,024900541113;351,4725;288,6369;36,1911;-315,5487;480,1175;-674,2118;"B"
-225,79987984738;88,0616;221,6368;221,22;-87,5606;106,425;-779,9039;"C"
-926,331176586284;-768,4411;368,3399;219,9724;-346,3918;0,4129;-1472,7284;"A"
-82,5245367226017;-18,4153;151,307;272,9489;-152,5843;290,6333;-314,3764;"C"
-401,300669613869;-340,3016;-283,9325;268,4571;-63,6912;32,1092;1168,0575;"B"
-198,389392543276;-178,3473;207,645;-322,461;-83,2865;-277,8758;-1108,2375;"C"
-891,241724745724;-669,1378;738,2221;-120,835;-531,2116;-378,0366;-3330,7067;"A"
-56,2919384997894;-124,4688;-124,8319;430,5864;-85,7578;-494,8253;4,72059999999999;"C"
-277,235772179363;-253,8816;357,3215;53,6936;-488,4345;-12,8106;-1441,8783;"B"
-527,907821797574;45,8957;-16,1505;-298,0859;-399,3815;209,7734;274,5937;"A"
-301,303767375058;-73,1528;240,6849;152,6316;-247,1036;102,0402;-860,4811;"B"
32,8102380146319;-102,0325;130,7701;-73,8374;-188,5953;-332,7309;-855,593;"C"
-276,985895027495;-308,0929;-38,6961;-293,6857;-189,5346;-173,4894;-18,4867;"B"
-521,237882649557;-448,5203;62,8542;-362,0981;-370,7089;130,6548;-120,5437;"A"
-217,741564721746;-213,7485;232,7155;275,9539;40,354;-309,8867;-1240,5304;"C"
-508,666225806229;-616,9091;231,9128;-31,2582;-399,1772;237,5044;-689,9285;"A"
-115,974379938818;-319,8572;-420,1806;-205,859;132,8394;-16,292;1664,6487;"C"
-673,076567322476;-48,3435;813,5099;39,3505;-608,8553;82,9052;-3170,9161;"A"
-654,923304424478;-335,7244;322,2323;-107,7273;-607,773;253,9192;-1034,7917;"A"
-226,251225288658;-166,3941;180,9885;-162,7263;-286,2387;-132,6084;-856,3441;"C"
-790,923476477085;-205,1865;-204,8181;-160,023;-707,1874;120,193;939,6837;"A"
-895,08449825994;-315,8544;310,6361;119,8344;-441,8177;-433,6327;-1675,9588;"A"
-377,815682529452;58,5171;186,7532;510,6501;-118,8287;-164,7422;-911,5367;"B"
2,38686558910882;-118,1551;-146,0243;157,9652;-420,1042;-134,2494;450,0661;"C"
-143,851940225002;-33,5767;26,4402;64,4204;-219,1885;-85,3866;-190,9291;"C"
-467,781675544103;-377,1906;207,1556;228,3183;-401,3244;-43,7382;-872,1423;"A"
-73,8363027295201;-329,7471;328,7825;-292,7112;-246,3811;100,3707;-1214,541;"C"
-270,601486812955;-494,1128;-26,8593;-6,9257;-345,9322;347,682;455,3375;"B"
-256,034018920812;-295,7088;441,0493;366,5481;-357,0002;279,4072;-1484,5717;"B"
-199,919057282977;-67,0214;351,5031;-93,0859;-228,0453;231,1804;-1174,6137;"C"
-174,546725010054;-252,6845;398,8617;-289,3943;-3,3781;-587,8197;-2183,0482;"C"
-189,107257161703;-221,4826;237,9677;108,2347;121,6356;231,641;-720,0115;"C"
-685,560029754588;-758,765;558,2611;35,8508;-600,9208;713,5739;-1519,2522;"A"
-518,170095230882;-318,9045;349,1688;189,4107;-248,4723;-68,1694;-1464,6263;"A"
-240,15489817987;-79,3377;556,3121;-707,9904;-140,3855;340,1341;-1884,896;"B"
-141,0672213605;43,4342;-39,2752;178,4713;-306,1738;140,9313;298,2504;"C"
-59,2277147602637;-40,2163;-107,4974;-89,9924;-77,5423;-235,8411;194,3668;"C"
-152,060915306745;127,6247;4,859;-19,1929;-151,8295;-605,5678;-624,7855;"C"
-57,2960997310145;-120,4598;94,1314;-30,247;-299,6262;2,7786;-373,5287;"C"
-622,14265803892;-418,8755;216,9488;2,6619;-312,0385;-126,0209;-993,5978;"A"
-174,55874211292;195,3118;394,8551;257,6589;-514,2393;-374,8836;-1954,0857;"C"
-558,964024980132;-218,1807;299,8416;34,1155;-342,9843;-295,5346;-1494,6827;"A"
-153,839291746474;-396,6204;49,4748;-192,4224;11,6127;206,7812;9,1003;"C"
-312,910657684159;-46,3946;-17,2771;394,2041;-126,3128;-285,1014;-215,7747;"B"
-139,116215259913;-22,5079;292,4273;-6,1925;156,625;-17,9621;-1187,453;"C"
-392,767087878654;-356,1654;98,5331;-224,5657;-662,0325;535,4571;141,543;"B"
-649,156563337188;-631,4322;652,9533;-449,8309;-526,3409;-221,118;-2832,7129;"A"
-396,904935455473;-33,1024;-255,8329;412,0182;-281,0552;14,3101;1037,86;"B"
-117,590983582939;-89,1361;-254,0201;-58,1047;-167,8248;106,6794;1122,9781;"C"
-155,528619360744;-221,5266;215,4099;260,402;-146,6948;271,8161;-589,6052;"C"
-116,641581895567;-505,0205;-268,9853;127,3706;-355,9756;-5,4346;1070,7249;"C"
-46,8778078725875;41,6985;-23,0359;62,8727;31,6357;542,2321;634,594;"C"
-368,164647399636;-49,5423;92,9432;230,4727;-155,1126;-322,0447;-693,5992;"B"
225,365432762583;354,8127;143,3137;-202,0389;267,7336;133,1094;-439,9271;"C"
-305,868213515526;-116,9908;48,9455;-209,5038;-344,9806;30,9841;-164,5796;"B"
-221,330250776404;-291,9973;34,0183;-19,9229;-271,4918;192,6447;56,7898;"C"
-362,371479496966;-314,0779;214,9734;-163,0291;-176,0888;-218,2579;-1077,9332;"B"
-257,45746327175;-84,4057;NA;252,5466;-399,8734;-293,4021;-2084,5626;"B"
-242,340052133393;-472,9466;186,6887;-140,3559;-274,7952;-86,8361;-833,3726;"B"
-238,433540569478;-266,4127;-52,8692;-73,8975;-190,8997;463,2187;674,9138;"B"
-617,24367426811;-33,7899;192,6422;-324,0519;-201,0212;15,1103;-755,2402;"A"
-694,418808336881;-498,8738;532,6192;274,8361;-321,259;45,5322;-2084,7263;"A"
-344,830489380571;-379,2543;278,7427;238,2187;-422,725;-192,1266;-1306,8791;"B"
-488,448377721911;-293,3054;360,4212;399,0848;-355,9717;139,0243;-1302,4422;"A"
-448,553634599026;-391,9062;475,4279;241,5073;-137,3762;-180,846;-2082,3393;"B"
-426,833295544316;-237,0369;252,8831;211,1856;-691,3992;129,1782;-882,1359;"B"
-364,429774821075;-462,2118;-292,9141;-190,451;-353,5756;238,8264;1410,7011;"B"
-436,536506510219;-353,9621;556,7772;-296,6041;-556,88;-204,5226;-2431,4131;"B"
-80,1903090976834;12,9577;135,2344;-453,524;7,3172;46,6339;-494,0854;"C"
-498,959847750767;-331,3355;121,9718;73,0728;-64,8573;53,6335;-434,0354;"A"
-433,91109469774;-376,8862;188,6072;-133,0259;-610,1549;-492,1669;-1246,3774;"B"
-271,300010720719;146,3714;314,3417;150,8542;143,8263;-619,9667;-1877,1152;"B"
-222,179273891528;-329,5725;34,6331;-131,2481;-203,1277;-362,1874;-500,5015;"C"
-345,407156977222;-295,5606;-119,0465;-0,2665;-205,4456;60,0902;536,4945;"B"
-287,572771361227;-533,6926;186,8506;-198,0985;-95,7243;371,1601;-376,024;"B"
245,234697117942;172,6321;-591,5687;-410,4304;230,4997;-385,4244;1981,0687;"C"
-604,339471835544;-263,1784;526,2803;132,7535;-143,3768;-300,9898;-2405,8927;"A"
-865,005963500772;-302,8695;307,2611;-450,7786;-543,4562;-136,96;-1365,7861;"A"
-153,326956594396;24,7596;173,2345;-101,2783;-198,2472;-20,4563;-713,176;"C"
-689,803424236022;-190,0495;172,6405;-467,5364;-416,9217;-293,5748;-983,9185;"A"
-500,794082103397;-339,3135;173,1787;339,9289;-394,7523;48,7511;-643,7454;"A"
-418,346886054199;-585,9388;300,5619;409,8662;-47,2243;103,6014;-1098,4279;"B"
-889,837283738989;-727,2193;425,205;284,3937;-843,1501;-10,5499;-1711,1516;"A"
-192,722253369052;-102,9883;256,3046;-200,1595;-76,1272;-255,4552;-1280,4553;"C"
-298,969071500209;-215,2928;177,3543;267,513;74,2967;70,8178;-638,3811;"B"
-445,311791939567;-128,0434;453,54;-71,1063;-565,143;104,4627;-1709,479;"B"
-430,800485513292;-170,3925;318,9197;-529,8708;-235,5588;-207,9064;-1483,3669;"B"
-825,367365882704;-300,676;474,6103;18,58;-415,4437;-87,1563;-1985,3792;"A"
-744,70241817464;-629,5334;440,4374;378,6804;-351,6328;-302,8177;-2064,349;"A"
-279,26737883383;7,0275;146,4596;403,0267;94,0308;-132,314;-717,9341;"B"
-504,634206981247;-560,7735;428,2718;-49,4143;-283,8985;65,3535;-1647,5154;"A"
-351,346645643788;-201,9777;230,9379;275,5688;-205,9163;-30,0448;-953,5781;"B"
6,36549725928575;-199,5585;-147,0924;-81,121;153,1929;247,5762;836,1641;"C"
-396,074994000384;-473,892;544,8481;-65,3072;-101,4453;-120,2048;-2299,3789;"B"
229,052496395241;-79,8904;252,9062;409,9182;361,8396;414,9983;-596,4082;"C"
113,7604187651;-93,2694;-241,5177;335,9163;257,7009;-37,9934;928,2957;"C"
-488,978462660152;-664,3803;170,4389;258,7776;-251,769;-824,1914;-1505,7287;"A"
-45,8517417738487;183,1283;146,6065;239,6364;56,4173;87,99;-498,2177;"C"
-769,065545859813;-417,1966;63,549;-84,5158;-798,6854;-35,8414;-289,8191;"A"
-335,45777225195;37,3658;450,6479;92,5925;-48,1561;675,5443;-1126,829;"B"
-432,66924541065;-121,2493;306,8386;-59,724;-206,8734;-35,6485;-1262,7846;"B"
-283,182071920889;145,9339;119,3436;108,2668;-356,5293;-208,5491;-685,7052;"B"
-735,770522413259;-330,3407;534,5983;126,7404;-614,93;-484,4219;-2622,5968;"A"
-822,081290959849;-423,3378;961,253452659303;260,0694;-462,9964;144,1602;-730,4575;"A"
-152,46653619537;-90,4009;371,4265;149,171;-351,5612;225,4793;-1260,0084;"C"
-548,549631885405;-428,728;327,801;338,6766;-364,9637;-125,9705;-1436,9562;NA
128,79213082367;192,782;253,2095;76,5073;-152,6398;285,8922;-726,7275;"C"
216,012690939337;401,2103;-7,6846;598,1055;300,0306;-35,5424;-4,5857;"C"
153,85901725661;212,2923;-373,5506;77,2404;177,7571;-388,6912;1105,7295;"C"
-436,070068688913;-369,4421;229,086;-55,7275;-93,0629;-136,2225;-1052,3482;"B"
82,1638100326788;-140,8551;526,5289;168,7995;-211,4354;149,408;-1956,4893;"C"
-213,122615414715;-105,0712;139,2847;246,5458;-296,5174;-159,6107;-716,5312;"C"
-340,84775264902;145,8368;368,7655;-278,2832;-103,5662;-75,2223;-1550,066;"B"
-484,023818444757;-366,3023;582,6233;288,6077;-328,173;-216,0691;-2546,344;"A"
-680,811820019194;-77,9494;9,3605;-77,9149;-363,9726;-170,1987;-207,4224;"A"
18,3382164184884;477,1849;150,6937;124,9533;164,563;-105,2887;-707,8452;"C"
-418,267497495235;-154,444;60,5984;299,8189;69,0015;-206,8307;-449,006;"B"
-620,925431802963;-506,5099;-493,492;-16,1872;-664,3498;-30,748;1943,4383;"A"
-413,519914815087;-374,7161;317,4242;-138,2447;-339,2541;-12,3147;-1281,7932;"B"
-587,187731846608;-584,6277;405,7604;68,6465;-382,4793;355,0033;-1267,82;"A"
-364,140987771951;-524,9965;141,1884;168,0668;-113,6173;-36,159;-600,6943;"B"
-252,093891602955;-320,8176;-22,6242;-49,6823;-145,0898;63,9189;154,634;"B"
-252,774972589696;-101,0822;6,229;566,3579;-126,441;-121,9652;-146,6629;"B"
-530,116760885831;-587,1045;184,8025;44,4153;-489,8418;-147,6862;-886,6779;"A"
-492,983986184765;-524,4501;174,7476;40,6549;-355,5828;61,7447;-637,0274;"A"
-383,682706660724;-57,1152;55,6461;238,9119;-448,4357;-91,9326;-314,2987;"B"
-675,095548840996;-430,1055;301,7944;-300,022;-715,2848;164,1129;-1042,8464;"A"
-323,654318441711;-320,2139;142,4867;-7,7458;-620,9737;-38,26;-607,9885;"B"
-25,6922887138426;87,7552;288,9642;263,9371;-223,611;421,7835;-733,855;"C"
-566,873615648861;-347,2023;153,0444;181,9233;-651,252;9,3953;-602,564;"A"
8,80638832500546;-202,3423;-468,8759;180,2322;91,358;-330,4504;1545,2715;"C"
-587,733668836119;-602,5771;211,8845;31,3309;-376,6003;-236,8767;-1084,1964;"A"
-270,233202908554;-161,2568;253,0337;-74,2051;-474,3002;-242,4713;-1254,3878;"B"
-203,177629718537;62,2446;87,9311;-108,7253;-365,3193;-395,4944;-747,0005;"C"
-380,532535629909;-391,208;167,4148;79,2721;-352,5275;-87,8989;-757,3398;"B"
128,708203351275;92,2516;-122,5893;-207,0577;-47,7211;216,0591;706,6346;"C"
-122,734616642311;68,8432;84,7868;188,2606;51,2256;-464,247;-803,1759;"C"
-367,450116154035;-386,7353;78,3589;-809,5186;-136,5931;-11,4434;-324,6607;"B"
-423,884413264221;-105,8046;131,7637;15,304;3,5161;-39,3819;-566,2184;"B"
-292,201831987664;-52,0395;172,6606;-9,3744;-149,1615;-306,2148;-996,6389;"B"
-85,0081861111044;-107,6742;207,1393;-109,7692;-146,4272;-177,6347;-1005,9736;"C"
-344,922818175798;-110,8529;-172,6091;-37,7818;-338,3713;-293,3952;397,2595;"B"
-798,290233121915;-261,5735;319,1764;-245,6662;-584,8894;26,9341;-1249,5532;"A"
-689,774254080577;-719,5777;338,2531;279,0782;-361,1203;-158,4304;-1511,2245;"A"
-191,89041996622;18,3935;620,3327;162,0055;-165,5604;-63,8624;-2544,9749;"C"
-223,010123924106;-243,648;318,4085;-140,3954;168,8361;-229,1897;-1502,6054;"C"
-209,83153281567;21,113;175,3652;-488,9374;-220,2116;246,7309;-454,5116;"C"
-250,274903756369;126,7704;378,0506;53,9085;-394,7759;97,3899;-1414,5942;"B"
-233,860145563645;143,9995;223,5738;311,2468;-395,5835;168,7861;-725,2908;"C"
22,689027134167;216,6649;286,0632;446,7464;1,1456;82,1567;-1061,8778;"C"
-574,513473886635;-377,9318;406,7372;-427,4006;-401,302;72,3666;-1554,3639;"A"
150,64310719669;94,9409;-98,9316;-463,1537;9,073;-352,3085;43,6362;NA
-617,627427516415;-526,4527;379,0296;28,3494;-536,8085;-255,7319;-1771,632;"A"
-565,421058855444;-165,3807;329,2916;3,998;-180,3586;147,2503;-1169,6978;"A"
-7,41595005102022;47,1198;-17,4081;-58,9883;-81,0884;132,7368;202,5875;"C"
-658,907237441012;-619,6603;249,9089;132,8101;-622,9571;265,0355;-734,3818;"A"
-157,199446881399;-47,0826;213,4017;-138,9516;-51,4943;-129,7959;-983,1844;"C"
-279,34450074534;-127,4456;371,541;140,9445;-113,2114;77,7219;-1408,2238;"B"
7,0920956276471;243,5851;170,1776;101,1273;139,5044;-258,6057;-939,0978;"C"
386,858588369988;208,5169;-255,9469;-42,8208;255,1813;-237,6876;786,3183;"C"
-702,411675233812;-648,7026;870,177;287,49;-821,4231;-166,7449;-3647,2346;"A"
-148,564056431333;-169,4721;-83,6324;317,09;-266,2604;-530,8447;-196,0968;"C"
-86,1580571313004;301,4851;-439,2959;451,6888;-75,3572;-324,4154;1432,9865;"C"
-16,3617332244077;-21,9848;404,7909;455,0487;286,2998;-24,8929;-1643,8382;"C"
-546,113422854629;-307,1061;92,626;-73,9577;-274,6588;-62,2938;-432,5795;"A"
-37,0374369707591;-295,8434;239,2727;-123,2425;-283,0828;126,1108;-830,7617;"C"
-15,3354023814677;13,5933;173,631;55,5421;-304,2691;593,7531;-100,5526;"C"
-356,121283949552;-518,4839;494,8879;-99,4824;-131,4667;-93,891;-2073,2243;"B"
-674,430442175599;-389,4265;326,4341;135,7229;-370,4694;-347,1162;-1652,6343;"A"
-66,8336657018787;-285,6774;-304,9703;88,676;73,3418;-84,3949;1135,7046;"C"
-439,663903102733;-65,5699;407,2545;-467,1268;-225,1774;-380,8979;-2009,6976;"B"
-561,673010176897;-143,2731;159,4476;-11,0412;-491,1705;-38,5293;-676,1014;"A"
-299,019056513328;-416,3551;-25,4167;-47,2557;-240,6558;-475,896;-374,0109;"B"
-239,367195001748;-189,6191;-67,2077;-38,8283;-84,0245;-153,9019;115,1472;"B"
-131,793101889438;-2,8055;133,7519;35,3653;-131,5105;248,8288;-285,9605;"C"
-101,05215924846;-10,0199;323,2057;-361,2384;156,3633;-40,7811;-1333,3856;"C"
-43,0328102403338;-215,3985;-286,0013;-86,2506;171,8886;87,1839;1231,4074;"C"
-440,870656352043;-487,3265;180,7022;377,8277;-450,5126;209,0379;-513,5526;"B"
-585,361655732023;-139,9851;631,343;444,1423;-134,8178;-137,7121;-2662,8658;"A"
-259,398518228925;-138,395;58,4785;-25,3779;-419,6;34,8484;-198,8473;"B"
-389,103939308468;-415,6375;289,7316;280,0263;-183,8979;116,9084;-1041,7997;"B"
-359,020884520783;-187,9205;338,6065;-32,2613;-443,8419;-67,789;-1421,9967;"B"
-339,756407606784;-580,059;230,7431;-30,0302;-273,5877;276,8267;-645,9274;"B"
-278,046545174728;-566,1924;86,7265;-151,6519;-291,9452;-467,5126;-814,2003;"B"
-183,540026351039;-3,2147;-99,4647;-387,7544;-72,3293;330,7434;728,8205;"C"
-233,291657076424;-79,948;342,9693;0,5241;-334,5916;315,3155;-1056,3434;"C"
-473,282821198601;-374,0373;76,3207;190,7441;-299,3914;-239,8444;-544,9089;"A"
-413,834604063347;-101,6738;54,6832;172,2987;-714,3287;-102,6304;-321,1449;"B"
-47,0064221169935;170,9162;604,3356;-198,2859;-94,2825;-42,8564;-2459,9805;"C"
-548,310607359477;-389,2445;376,6531;160,0478;-725,5419;-280,3525;-1786,7466;"A"
-732,009606477352;-626,6161;569,3565;-378,7195;-623,5493;-151,9178;-2429,1255;"A"
-373,304146793978;-37,1547;-5,237;671,8702;-451,78;-12,0252;9,1411;"B"
203,479239643774;614,1368;-200,0465;429,7443;-142,4659;-345,1106;455,2937;"C"
-534,484343101046;-381,8799;394,2672;81,9401;-430,2273;-72,7516;-1649,6021;"A"
-301,553833889712;-140,2169;472,6413;316,4738;-74,7104;-32,7153;-1923,0622;"B"
248,820781710593;152,9741;-312,5427;-138,268;59,46;185,6967;1436,0858;"C"
-93,0995269675674;-348,2654;-132,5592;221,422;-209,7704;-53,9954;476,4597;"C"
-699,322034347091;-934,7394;430,9768;-124,2627;-315,819;-607,3131;-2331,002;"A"
-386,343047471726;-236,9338;656,5913;32,9679;-408,2289;739,923328995287;-2809,8669;"B"
-206,483661989727;-365,2003;471,0374;-46,8179;96,8469;-12,4081;-1896,3394;"C"
-448,511712668165;-517,4956;284,3456;302,0213;-259,9715;24,7156;-1112,4485;"B"
-280,720375453351;-442,8144;216,2258;731,4897;-278,1332;-76,8572;-941,5421;"B"
351,284723692069;32,2193;-243,1361;-474,9971;436,1086;115,7067;1088,4694;"C"
-200,781757545854;51,9488;71,142;27,3198;-75,6522;124,2599;-160,0898;"C"
-494,235635216853;-297,2036;528,66;92,3635;-319,0969;28,6001;-2085,8216;"A"
-260,596595162226;140,9722;-121,8937;171,415;7,3358;56,5583;544,3514;"B"
-378,341925365822;-242,2671;318,8521;334,042;-292,4046;34,1288;-1241,0613;"B"
-131,249749110851;-63,5946;96,268;281,1226;92,537;-111,4153;-496,269;"C"
-25,5155381792304;131,4909;-427,6934;286,3688;-99,6436;-2,2351;1708,7568;"C"
-253,335318277211;-78,1952;218,9459;-436,8762;-154,8493;-477,6505;-1353,2158;"B"
-376,485285962729;-335,077;273,5818;165,6612;-480,9468;-254,9676;-1349,0765;"B"
-515,516405950905;-376,7181;311,6511;216,737;-473,9565;-198,8191;-1445,2052;"A"
-463,022984935097;-64,5875;472,1593;-19,8429;-656,8087;-266,52;-2154,9389;"A"
26,0057001871277;98,8385;-239,9668;-49,5058;53,6911;632,8938;1592,9793;"C"
-452,14584636942;-140,3633;-231,6288;-143,5334;-366,3991;-15,8698;910,8637;"B"
-291,130483141437;-477,5027;296,7216;114,3521;-24,1361;-237,0221;-1423,6902;"B"
-633,318896285192;-435,4674;-210,0549;313,5662;-183,7225;55,0759;895,5138;"A"
-696,572748201796;-62,3798;845,8377;486,1819;-225,0906;-142,1854;-3525,3179;"A"
-560,83924990003;-521,0938;233,6516;276,4684;-406,8702;-21,8408;-956,2289;"A"
-475,649545896947;-87,9454;297,5722;48,147;-173,4543;-18,7632;-1208,8337;"A"
-611,813011258722;-275,5348;183,197;139,5439;-451,8422;-155,5093;-888,079;"A"
-63,1939145482598;-256,8353;-173,5879;472,8199;-178,7002;-384,5336;310,0363;"C"
-702,577013844755;-218,5232;311,1536;543,636;-615,83;13,6109;-1230,7852;"A"
-683,460930177676;-187,1784;607,8511;186,5322;-714,5319;-133,0061;-2564,1922;"A"
-378,846329713411;20,8645;324,546;0,2146;-526,7982;-3,7751;-1301,7408;"B"
-68,6514168909669;25,8483;-257,699;-339,4842;-154,3339;246,8416;1277,8559;"C"
98,6115354892105;-223,1603;-196,8;40,4093;193,3581;207,402;994,8203;"C"
-216,425610764356;-453,2725;-360,2882;175,2361;-28,562;270,1544;1711,5255;"C"
-435,78965224282;-263,1093;618,6767;311,4241;-295,2637;-477,0474;-2951,5359;"B"
-425,802447905129;-497,9898;416,593;464,0022;-360,54;37,6008;-1628,5529;"B"
-131,961133860469;-216,8158;79,7216;100,4104;-513,4453;-71,8957;-390,5638;"C"
-843,351072065667;-634,7846;556,619;280,6829;-793,9642;-29,9982;-2256,2559;"A"
-195,59482855156;-28,0467;95,4779;248,3321;19,2114;112,2041;-269,4892;"C"
274,129234708309;381,3414;60,6796;19,523;465,9034;-388,2676;-630,7677;"C"
-303,819898537605;36,9949;263,2849;-217,3015;-301,4708;-134,045;-1186,9663;"B"
-383,824732122971;-289,196;293,6229;14,9675;-307,877;55,8092;-1118,4641;"B"
-384,484732226849;-230,4826;4,8151;173,2547;-181,5608;-101,9217;-120,9638;"B"
-10,559825742888;61,0704;289,9081;207,396;-9,0569;-192,7084;-1352,1225;"C"
-393,277864797443;-120,0132;203,47;289,4535;-181,4011;-498,7144;-1312,3761;"B"
-194,220681633669;90,9199;129,1716;-233,3052;-158,5272;302,807;-213,6611;"C"
-376,987459296767;-378,7279;341,7543;145,8348;-416,6314;-427,2057;-1794,0046;"B"
-360,470699589986;74,4857;221,0164;-427,1875;-139,898;152,9579;-730,8894;"B"
-672,582009448108;66,0019;290,5062;-282,5204;-858,1296;76,5066;-1085,2999;"A"
-671,47446140077;-357,0898;107,5964;360,0956;-461,1619;-228,2666;-658,4339;"A"
-372,102906758755;-475,418;-246,0774;-4,3687;-131,0883;744,366510167006;1382,401;"B"
-652,193044799884;-362,2989;274,399;435,3299;-288,4249;-419,7352;-1517,1129;"A"
-311,434857955406;-127,4589;150,5197;127,6462;-434,0404;230,911;-370,9495;"B"
-965,649606115267;-440,7657;335,4853;147,4389;-612,1526;16,3155;-1325,4074;"A"
-179,415480227887;-73,024;-351,2802;-63,7569;-32,5122;320,9301;1726,2692;"C"
-759,269624219969;-812,1629;-3,5767;-114,963;-519,068;-252,8132;-238,2881;"A"
-217,059415776314;-163,6878;-17,301;98,243;-376,4921;343,4131;412,8354;"C"
-30,8847810575309;-228,1949;-329,8935;-334,175;-110,4611;90,8807;1410,673;"C"
-205,078874859532;-120,6169;-45,3124;-328,0478;146,7308;-81,1685;100,2994;"C"
-401,663693804776;-258,9137;286,2843;-700,697;-101,5436;-390,0066;-1534,9255;"B"
-492,476789719862;-375,9551;12,6728;-308,012;-179,416;124,8201;74,3472;"A"
1,14596644746507;-42,3927;-224,3582;-325,4889;95,2051;-102,8537;794,7974;"C"
-427,457785761175;-476,9207;231,0103;-212,1407;-408,5782;122,479;-801,3439;"B"
-594,808045905148;-553,146;327,153;299,136;-442,3701;-611,915;-1920,3087;"A"
-212,755752351685;-59,4167;-99,565;-133,9261;-46,459;367,0702;765,5485;"C"
-262,19608599649;-356,2313;-113,6979;4,5204;48,3059;-551,3658;-96,3559;"B"
-248,306156885976;-174,6191;211,928;53,1337;-190,8782;-219,644;-1067,1377;"B"
-385,697290437718;-165,8016;65,7468;-297,103;-232,4639;-543,6138;-806,3827;"B"
-155,496097332174;-30,2751;162,074;31,99;-59,3023;-28,8993;-676,977;"C"
-160,045398523933;-215,7993;489,0091;-194,3505;-388,4602;378,3406;-1577,4775;"C"
-82,7708393120019;463,9835;-86,0031;-123,598;-8,7962;166,5661;510,7968;"C"
-81,5244349150285;312,6272;184,9214;-523,2686;-41,7045;639,3216;-100,1457;"C"
-412,785512863904;-501,1033;393,1812;82,3788;-414,5385;-40,7728;-1613,2793;"B"
-126,495549725782;-251,5691;149,4305;99,4007;101,3018;-233,2397;-830,7434;"C"
-473,659559080314;-75,1762;267,598;205,868;-171,4079;180,8179;-889,3558;"A"
-761,315939129846;-448,8133;565,5566;-36,235;-415,4617;-95,9069;-2357,915;"A"
-351,835512354638;-367,3459;522,3618;576,7886;-64,5367;75,9143;-2013,3146;"B"
-585,384705038086;-892,6928;505,1133;189,186;-88,1985;-243,0468;-2263,2817;"A"
-82,2855678112624;-29,2683;-389,332;117,3029;66,7854;-157,6183;1399,928;"C"
24,2635495388805;-67,0479;628,7436;-280,1855;83,2958;-125,2369;-2639,993;"C"
-292,500291998313;-482,0934;-188,9616;-141,0532;-88,6324;144,4938;900,5585;"B"
-136,298806274986;103,5812;-175,7528;107,3287;-45,8476;49,9125;753,142;"C"
-405,461701146599;-130,1271;471,1115;-48,2818;-348,9825;-113,9536;-1998,1813;"B"
-221,339446925461;296,8096;477,3788;0,4141;-408,8318;-157,4812;-2066,7781;"C"
-114,895971840476;36,3605;679,3905;101,505;-123,7776;-143,566;-2860,9097;"C"
-608,079768492113;-404,5751;452,1487;-137,744;-591,1594;122,4068;-1685,9697;"A"
-494,985519417615;-174,0464;-68,6332;-10,9329;-555,1037;-359,2808;-84,5297;"A"
-325,959057284551;-152,5918;-75,7177;450,414;-269,3762;-313,938;-10,8489;"B"
-176,440516421946;-315,8205;-54,0221;-13,5661;71,1201;212,8359;429,1426;"C"
-582,617897462718;-313,8232;222,2905;474,5222;-340,2969;-161,5849;-1050,5286;"A"
-512,741926798211;-318,17;1039,2729;410,507;-184,3427;-410,1439;-4567,0172;"A"
-152,950439745748;-84,2399;65,5522;459,1386;41,0218;-347,8181;-609,8086;"C"
-305,791902370804;-45,4137;165,7423;197,7659;-127,6979;-162,9487;-825,6996;"B"
-451,473411071734;-132,2054;563,3335;162,5551;-533,8025;131,656;-2121,4597;"B"
-284,269241630046;-145,4509;-67,4262;137,5812;147,3293;-119,097;150,8261;"B"
-578,99179997518;-458,5046;95,0283;231,5192;-331,0277;-659,9885;-1039,8834;"A"
-250,060872845507;-324,5491;-209,2632;5,6547;-383,966;129,0268;966,2979;"B"
24,4125953488629;15,8015;70,5769;51,9967;180,6824;-564,2122;-846,3015;"C"
-181,409315924414;-342,6713;-48,5574;163,4295;-251,4974;157,3364;351,7843;"C"
-478,695153641541;-491,8236;451,8093;348,8108;-80,3626;492,8;-1314,2189;"A"
-264,981811866363;-31,7979;-44,132;198,9218;-222,0004;-89,0643;87,682;"B"
-443,374761732991;-415,6835;84,4653;86,3802;-550,8015;308,6648;-28,9781;"B"
-612,118960907427;-449,1102;244,1335;-167,0427;-511,3179;-86,3726;-1062,6883;"A"
-697,391559799641;-350,208;160,1065;159,633;-637,8202;-3,6276;-643,8353;"A"
-593,765379310576;-409,4015;37,2161;-53,2011;-372,727;92,9294;-55,7167;"A"
-32,0495319179014;-69,4663;236,2592;-272,0961;-116,2799;475,8912;-468,9273;"C"
-422,294401726075;92,1035;550,8343;74,9134;-36,2414;-147,7174;-2350,8363;"B"
-236,266042036524;-146,9765;168,4335;-242,7027;178,5804;-59,824;-733,3397;"C"
-353,372828548969;-140,2296;159,757;258,6294;-438,772;349,3663;-289,4434;"B"
-243,748285936342;-275,6931;373,5255;65,4168;-218,8166;305,996;-1187,8877;"B"
-125,014832647172;-542,5966;-279,0639;171,0371;-38,1611;92,8992;1209,3731;"C"
-325,21944748841;-84,9702;126,5738;108,7298;-732,6489;246,36;-259,7169;"B"
-350,867699397008;-164,1923;267,6399;161,6602;-99,312;116,0204;-954,3209;"B"
-123,881845805041;84,6368;112,0132;429,3345;-243,4173;-457,6567;-905,4912;"C"
-533,695823852242;-460,6839;192,1717;370,5374;-601,6437;243,789;-524,6795;"A"
-285,368636342248;-27,6363;175,0472;636,0942;-502,459;567,0097;-132,9608;"B"
-167,246415079648;-418,8523;406,1896;27,5593;-46,5554;-43,6286;-1668,1687;"C"
-550,08117550217;-271,3932;526,8588;218,1584;-426,8305;-150,7017;-2257,9186;"A"
-363,644744762077;-0,6086;87,9582;257,4465;-390,2426;374,6597;23,0452;"B"
-379,965267517067;-77,594;259,7847;172,9758;-335,5531;-220,9802;-1259,9007;"B"
-235,538091268296;-97,9039;257,3979;-272,1536;-188,4673;-233,4533;-1262,8266;"C"
-143,42034069092;-252,8417;124,5553;-215,4423;-155,5443;-74,5614;-572,5643;"C"
-190,994215076183;-88,5627;18,1748;-273,6844;-287,0466;-104,2597;-176,7406;"C"
NA;-163,1733;363,1717;566,5966;-565,4826;-79,4073;-1531,8758;"B"
-531,886737155642;-200,5788;484,0258;-346,0578;-519,5029;-220,2872;-2156,1721;"A"
-324,952463504431;-19,3668;218,549;-104,6861;-153,3271;-77,4001;-951,3778;"B"
-248,927791329632;-495,5532;46,292;-470,9958;162,613;-197,5615;-382,5112;"B"
-288,398077320167;-566,826;241,6887;-2,6546;-186,8189;29,0562;-937,4803;"B"
-401,581908490787;-646,5213;433,06;198,8096;-399,4295;72,0155;-1660,0062;"B"
-383,327524409242;-157,5904;102,8279;67,0173;-449,4931;-216,0701;-627,1634;"B"
-571,53732102274;178,0881;492,7402;355,1024;-173,7564;-29,1431;-1999,8856;"A"
-503,118181352183;-221,1005;174,7204;-239,6703;-42,7275;-273,6315;-972,2948;"A"
-136,230734635344;129,0637;-68,4825;-31,3733;-156,7182;245,1149;519,2632;"C"
-601,835109454899;-41,1967;-105,9424;108,8288;-360,8348;-53,0319;370,956;"A"
17,1303487655167;161,8367;126,7089;134,9099;85,6216;48,2978;-458,3195;"C"
-622,941198045331;-542,6684;393,0305;-61,3971;-211,3187;-83,6787;-1655,5824;"A"
-423,841810894151;-377,9309;-41,0771;273,8477;-576,59;-201,3329;-36,8062;"B"
-775,463036855163;-379,344;74,3157;168,2179;-614,2318;-369,0965;-666,141;"A"
-721,451064699102;-459,2193;209,6513;-9,6237;-448,443;115,3408;-723,0461;"A"
-796,78879438044;-436,9516;443,1857;395,3579;-380,9709;450,2609;-1322,2636;"A"
87,2781315526166;-228,1241;-77,8536;9,6653;101,2781;-131,6778;179,9549;"C"
-293,846002115971;9,2554;297,561;-10,6752;-462,5238;-22,5183;-1212,544;"B"
139,750435963443;76,4549;-46,6588;-60,5595;189,1871;-139,7755;47,078;"C"
-521,400732096225;-321,4381;519,2177;-4,1603;-283,7343;-123,3251;-2199,9776;"A"
-449,214898025935;-115,0271;306,6539;68,8643;-482,1169;-295,9408;-1522,3381;"B"
-601,828665785572;-69,1123;302,6689;0,8417;-340,9601;-82,9931;-1293,4504;"A"
-607,846272062268;-451,3328;189,8847;148,4668;-610,4403;-191,8956;-951,2161;"A"
-239,702275033141;-74,261;130,3301;-55,3074;-275,2088;164,3454;-356,7567;"B"
-421,238849262413;-205,8574;68,8805;-133,1;-230,2986;-148,8267;-424,1304;"B"
261,417289025482;-162,504;-347,4113;-48,9263;387,5307;-266,923;1122,9405;"C"
-546,438707019851;-242,0493;313,7824;710,4796;-366,9596;-115,3914;-1370,3027;"A"
-542,116558199748;-928,7643;505,4361;274,6545;-446,9573;89,8263;-1931,6998;"A"
-28,7511517345952;183,8847;178,4686;252,0753;-7,6527;147,4407;-566,2154;"C"
-618,163188300204;65,8646;481,6634;466,7914;-610,8105;-208,9141;-2135,3494;"A"
-779,674500664639;-541,8914;414,3446;405,1149;-482,5782;-288,9307;-1946,0908;"A"
-427,847297806003;-88,7137;185,1717;-162,4083;-117,5052;-255,908;-996,3765;"B"
-654,278142285756;-269,7146;732,8918;366,5953;-410,1655;-1065,0386;-3996,3875;"A"
-565,105670071653;-357,3117;320,6928;178,0363;-495,6486;-92,7907;-1375,3436;"A"
-199,118638345242;-117,7055;-127,1654;38,757;-170,9023;200,2675;709,1474;"C"
-665,37607988235;-396,3842;197,5559;-167,7388;-889,5846;-394,0644;-1184,0697;"A"
-8,55194410195548;67,3483;159,8702;245,1228;209,1408;-182,1222;-821,3847;"C"
-122,209212604512;-393,5379;-40,4557;123,8691;-98,9507;-107,0711;54,97;"C"
-440,369038976362;-212,0338;160,8341;169,6351;-510,4415;122,3046;-520,8135;"B"
-370,710015051926;-110,6981;65,2785;375,9874;-207,5837;257,3851;-3,51059999999995;"B"
-248,669100127926;-211,2126;-7,3851;86,3565;-297,992;-115,5951;-85,8364;"B"
-539,083360896325;-256,7992;265,6038;347,4271;-487,24;-153,1889;-1215,3858;"A"
-550,645993676942;-336,8244;14,5665;233,9484;-257,2753;-295,4921;-353,5398;"A"
-12,818353408609;189,2206;-107,4805;204,9177;-79,4704;-72,8168;357,3235;"C"
-487,542108922174;-358,2203;314,988;4,0414;-223,9366;198,2221;-1061,5116;"A"
-55,9855661025541;-275,6588;17,6819;0,0827;-215,3862;367,3505;296,8412;"C"
-165,7516591979;-325,9444;152,7961;0,0425;-513,4187;-3,2938;-614,2599;"C"
-113,721896468497;119,0961;-50,7821;518,2274;-344,6298;-591,488;-388,1413;"C"
25,5536299296822;-39,7269;36,8301;168,2902;-357,9207;55,3739;-91,7282;"C"
-503,470730983773;-368,6532;227,6077;162,074;-657,8242;-16,39;-926,6025;"A"
-230,819186476883;-164,1245;309,4905;147,364;-67,8845;-373,7221;-1611,4658;"C"
-305,092946688046;-279,3572;664,8281;163,1432;-252,1676;64,3489;-2594,7452;"B"
-11,847489780002;73,2884;141,6495;-318,9885;198,5013;269,8752;-296,5045;"C"
-952,366940669006;-1116,6701;688,7421;-31,5123;-166,8771;-163,3227;-2918,0728;"A"
-173,215577015376;-336,1782;331,6545;-244,8483;-146,2227;-352,3182;-1678,7179;"C"
-16,8079045112046;59,4583;161,3775;292,2996;-47,4738;-176,7935;-822,0852;"C"
80,425687519181;-87,2713;-423,8865;201,409;-157,4018;-237,9059;1457,8584;"C"
232,091713301972;233,753;321,2747;-152,3813;151,396;211,5313;-1073,3492;"C"
-528,981713709904;-659,9212;454,2487;42,6345;-224,9333;151,8687;-1664,9078;"A"
2,97741402028919;-64,2076;276,5287;419,9903;-287,2976;231,131;-874,7655;"C"
-195,08138440431;-186,1875;255,8361;19,6403;342,1158;77,9363;-945,1898;"C"
-410,53557385087;-65,806;78,6009;165,5351;-291,5635;-101,0059;-415,1912;"B"
-302,426128027029;314,2239;-41,9913;-272,5815;-64,7316;-166,6091;1,5744;"B"
-38,2494299949935;254,8323;-165,5212;132,1635;-88,1181;236,8866;899,1897;"C"
-138,343088557416;28,3657;581,2702;-139,322;-10,4596;88,7319;-2236,1306;"C"
-556,74927862769;-559,825;289,0451;350,8306;-339,5027;-394,4856;-1550,4477;"A"
-614,986881259849;-393,3717;453,8391;286,2703;-351,5544;218,9931;-1596,145;"A"
-227,745173836314;-165,6448;68,7918;72,8957;-9,1998;-63,62;-338,5689;"C"
-108,56675815723;-185,2787;154,0966;230,553;5,1759;421,9911;-194,177;"C"
-702,439595506319;-720,8933;913,195;-87,2688;-606,6116;212,809;-3439,7527;"A"
6,29602078444179;178,0275;66,4526;-202,5626;-123,7067;245,0822;-20,5099;"C"
-221,891919256204;74,6372;209,0523;121,6995;-198,8044;-2,6778;-838,6687;"C"
-557,53845167284;-699,5484;-166,8306;-90,6697;-436,5382;-304,7498;362,7909;"A"
-724,4390450066;-613,1101;279,1052;183,8303;-663,8802;-299,0726;-1415,2751;"A"
-293,112750697109;-205,5384;-308,2256;195,8022;-461,9508;54,1458;1287,2665;"B"
-329,021399674345;105,4155;-34,1123;293,8567;42,4553;250,7609;387,4284;"B"
-94,4338024048677;-315,9334;143,0372;158,0622;-352,7716;416,6288;-155,3017;"C"
-165,783632190065;351,2734;124,5668;-283,5514;251,0423;114,4267;-383,6222;"C"
-406,615349991189;-164,9704;-63,0494;177,9074;-582,9111;-146,2506;106,1653;"B"
-30,5502762464014;246,0508;375,5679;-152,7848;-309,4673;-786,4252;-2288,4785;"C"
-251,094522436559;243,5061;-86,3378;-42,7377;-172,1485;153,074;498,6435;"B"
-403,045024480447;-192,3069;311,7348;340,9138;-555,7822;-339,4885;-1586,2094;"B"
-718,217875364336;-467,5977;274,2768;-437,2848;-682,2221;-610,2696;-1707,1585;"A"
-575,197260754388;-246,5496;236,4568;-217,96;-229,8153;-129,6073;-1075,2162;"A"
-552,087057348808;-542,8834;67,1599;-102,2111;-375,9848;522,5973;254,176;"A"
-143,85569655188;308,0377;35,2545;-261,6098;-224,2422;392,3154;NA;"C"
-333,304393706641;136,8786;430,8357;-369,6082;-330,9;378,7361;-1344,3884;"B"
-149,981411642244;-76,4154;-32,8463;373,2503;-15,6389;-140,1096;-8,5061;"C"
-55,0889776294295;72,225;46,007;294,9495;-163,2346;-109,7043;-293,514;"C"
-429,754211115971;-545,4201;527,5197;26,8885;-317,988;76,9716;-2032,8889;"B"
-412,474075973563;-446,7101;455,5885;-192,9669;-231,7996;-262,469;-2084,6047;"B"
-364,991301447466;-38,8617;490,3011;17,8094;-237,8456;-516,0909;-2477,077;"B"
-254,050586358918;28,8405;354,8259;100,0684;4,3952;-336,5164;-1755,6017;"B"
-59,1797832121626;-89,9888;-36,0275;17,5939;-96,8131;4,1893;148,5176;"C"
-402,498264011939;-260,0993;293,1278;283,2606;-527,1095;237,1994;-935,0935;"B"
-396,786465809477;-574,9982;308,3099;-387,8068;-194,8113;-139,0153;-1372,0366;"B"
-517,066800757379;-693,3171;318,2017;-294,9256;-54,1151;-173,7065;-1446,295;"A"
-88,2659982931998;-75,3056;25,1339;-83,9142;355,9651;-92,9867;-193,304;"C"
-19,9737142681953;-158,1621;405,486;-87,7081;-1,194;-260,8104;-1882,5361;"C"
-189,050400197427;60,488;-460,288;-170,3494;-164,8938;208,0615;2049,4318;"C"
-769,939308483185;-598,9121;458,3075;243,9776;-551,6266;-185,1836;-2018,1953;"A"
-639,874651346157;-329,0421;549,5326;-426,2948;-576,0905;-82,2183;-2280,1304;"A"
-424,683752359665;-164,3951;11,5379;-463,8711;-210,0542;-95,7261;-141,6594;"B"
-584,821809181623;-133,5859;-69,4841;351,3646;-342,2618;-134,2809;143,8738;"A"
-267,853059440019;96,5752;77,5567;365,6236;-30,3514;-485,7036;-795,7121;"B"
207,102950619288;-55,0566;-330,1737;-304,1299;214,3099;-37,0751;1283,838;"C"
-242,542173587395;-187,2041;57,4885;457,2537;82,072;101,6226;-128,1131;"B"
-540,169226733156;-482,6956;265,5389;110,185;-329,9252;42,9389;-1018,9984;"A"
-636,073215658846;-237,5268;84,5367;105,4256;-741,5651;-547,0081;-884,9366;"A"
-191,065644950796;-389,4921;78,9018;159,8761;-114,8188;73,7432;-241,6457;"C"
125,321020789316;-164,9882;195,8514;-82,3831;70,4486;-193,1725;-976,3598;"C"
-692,86940522391;-602,0361;177,8637;533,7724;-787,3676;-204,0779;-915,3144;"A"
-318,220533441075;-152,3258;232,1342;205,5377;-335,785;-46,8851;-975,2036;"B"
-221,115570346458;-308,9011;-127,6323;88,0605;-100,4619;-387,0468;123,7007;"C"
-511,262153746213;-367,9936;327,9799;383,1701;2,3452;-53,4371;-1365,1384;"A"
-375,257448698414;-361,1785;465,6381;-301,3959;-323,3391;-28,4613;-1890,7954;"B"
-126,873357903173;-66,3539;88,677;65,0971;43,0197;-323,344;-677,8337;"C"
-943,817012025168;-800,1557;281,5014;-48,5477;-934,4483;-331,7155;-1457,5028;"A"
-201,411181084227;-308,9079;-61,6267;193,9493;-95,183;-112,5288;134,1963;"C"
-186,449583550781;NA;-121,1887;23,1643;147,9036;-328,7037;156,2694;"C"
-419,625786003885;250,2279;149,6516;120,7691;-466,9453;301,7029;-296,6852;"B"
-560,526320121275;-494,4709;538,5531;-237,6726;-861,1648;-405,0838;-2559,0779;"A"
-336,585133760471;-88,8529;34,3656;420,3666;-25,7025;-248,543;-385,7871;"B"
-499,66896609563;-87,7205;584,1045;-275,4596;-233,6381;-461,9239;-2798,1236;"A"
-155,344595173072;2,3929;300,9126;286,2532;-30,9911;-443,1029;-1646,535;"C"
-241,852785569429;-121,8413;261,4855;-275,3535;14,295;218,555;-827,1687;"B"
-575,977568348112;-588,927;207,9012;-89,9021;-326,9766;81,9449;-749,4416;"A"
-617,587568831459;-729,6421;10,1085;555,5813;-416,2125;-694,0005;-734,2162;"A"
-282,112862863185;-367,9602;-248,0268;-134,3683;-251,8332;371,4965;1363,822;"B"
-462,963565375868;-370,3139;1,5388;-37,043;-381,0164;-519,1631;-525,1;"A"
-223,203213360754;45,7538;107,8423;132,0466;-57,7342;-256,7076;-687,8585;"C"
-652,308186431499;-67,2761;423,7414;-21,1384;-369,9742;15,1705;-1679,5768;"A"
-769,61008250636;-704,45;446,3057;55,3574;-883,0266;-154,5328;-1939,5373;"A"
366,100030826977;-121,8244;-239,0334;-19,3487;818,8041;148,7341;1105,086;"C"
-334,68743634732;83,5262;-281,6225;186,7787;-287,1378;-213,845;912,8633;"B"
-656,04121766146;-430,7628;449,0967;153,7741;-849,8687;-296,3521;-2092,5206;"A"
-402,404968299607;-312,3024;-48,7284;525,6912;-455,5502;7,1354;202,2673;"B"
-147,443684511935;406,9107;NA;-209,5223;-172,6871;-263,2307;-1115,5132;"C"
-811,452651394299;-429,6311;591,616;471,1034;-393,9928;56,1181;-2310,1276;"A"
-346,376400102407;-510,8592;21,084;-152,3438;-89,804;93,4691;9,3514;"B"
-371,547720050599;-170,1947;318,1453;-155,8117;-155,4747;-134,3321;-1406,695;"B"
-563,728043978419;-581,1452;448,6959;-57,6041;-312,4766;-296,6847;-2091,25;"A"
49,0958912981858;-70,68;-492,662;206,035;103,8014;438,3726;2409,2389;"C"
-656,734727119698;-164,9069;15,4788;-163,0926;-639,2522;-320,2421;-381,939;"A"
-559,162607585264;-352,7968;478,4126;90,1907;-583,5213;-275,1112;-2188,5433;"A"
-453,260936433088;190,478;628,9528;30,3649;-382,961;66,3341;-2449,2588;"B"
-168,777120450459;23,3676;-170,3505;91,9007;-30,3736;49,5425;731,1628;"C"
-372,531444488102;-261,4953;208,7396;170,6149;-584,7695;11,6821;-823,058;"B"
-682,909496317475;-162,4083;82,7325;158,8633;-610,1346;333,0328;2,3211;"A"
1,23563123646863;-22,1053;239,826;402,9695;5,9164;-76,194;-1035,2797;"C"
-283,432590109778;-165,22;165,0624;-181,2881;-38,5157;-363,8138;-1023,8451;"B"
-338,729639980803;-456,1265;4,4331;-404,3623;-589,0209;-351,5556;-369,0697;"B"
-344,749062333388;-328,7033;365,0596;527,9096;-509,3503;385,0241;-1074,996;"B"
-351,045210054287;79,0149;48,895;155,6785;-311,1332;-164,1091;-359,4708;"B"
-230,933245054555;269,0013;259,6959;401,9665;-474,5231;-101,9504;-1140,5157;"C"
-244,702450829262;-553,272;36,9596;-74,2879;35,7782;-176,5171;-324,1372;"B"
-136,931648665367;-156,4841;-3,3828;-67,4004;31,4908;-93,9083;-80,1588;"C"
-293,204003263181;-37,6497;-25,3895;-27,5245;-308,2751;-322,1758;-220,3995;"B"
-602,703866972103;-797,9098;67,4591;564,4739;-573,4151;-77,3418;-346,9599;"A"
-64,5210701274514;74,3628;-181,107;235,1342;-237,6358;201,5337;926,18;"C"
-234,857126249502;-199,3135;-426,6268;-83,0546;-407,6923;-51,3695;1655,356;"C"
-134,073817117067;28,7912;796,2406;-475,3365;-239,6503;-543,0117;-3727,7558;"C"
83,0494069087676;308,1072;98,4214;-128,15;126,7954;-15,6974;-409,1647;"C"
-704,823411083898;-314,3581;61,0347;137,8663;-768,9391;183,8877;-60,0328;"A"
-521,452729405892;-471,5359;374,2156;48,2238;-355,7065;-775,9565;-2272,6006;"A"
-442,938230998535;-334,2309;-3,7156;177,3751;-455,631;-120,4048;-105,3241;"B"
-395,948448308606;53,1748;470,6783;135,9455;-215,1763;-284,0116;-2166,5065;"B"
-520,736955472871;-342,6202;-182,7656;-184,3361;-772,9628;145,8413;877,122;"A"
-351,558308348231;240,5314;311,3173;411,0255;-100,6012;51,2392;-1193,8117;"B"
-131,668201861666;-62,0973;-32,6097;-267,642;58,5498;-216,9645;-86,3074;"C"
-442,987321709043;-63,0638;306,5197;4,0397;-316,2048;513,245;-712,6155;"B"
-12,2929410187168;90,2846;99,3021;145,2906;127,2892;-247,1715;-644,1616;"C"
-210,420858173332;-366,2186;79,5445;-504,4587;-102,5603;-200,8245;-518,7842;"C"
-751,484785429298;-580,6855;159,5458;639,4528;-368,9967;-198,6235;-836,5884;"A"
-358,370943385211;-364,7758;259,2543;244,6582;-133,6008;262,7268;-774,0721;"B"
-157,889692428534;-32,3677;302,3531;-90,6592;-138,5344;-160,7755;-1369,9696;"C"
-435,884772641101;-237,238;216,7656;-11,3916;-373,7027;NA;-820,7249;"B"
-653,352480605937;-776,1673;255,0592;453,1665;-798,5608;-98,1464;-1118,1649;"A"
-459,338575870372;-252,4914;308,0854;-220,125;-340,8802;225,3553;-1006,768;"B"
-197,893710834877;54,1298;-54,152;-558,1328;215,9293;482,522;699,3483;"C"
-480,061499418706;-543,3571;230,41;-594,8614;-194,457;-185,4927;-1106,9144;"A"
-754,68960539666;-370,9832;351,0854;295,3436;-583,3119;69,1044;-1335,0189;"A"
-280,947319661564;-331,2364;329,2129;76,0546;-196,817;-335,2285;-1651,8618;"B"
29,6645218552217;-140,607;-13,4471;93,2907;277,56;185,7426;239,7493;"C"
-543,9713705754;-321,5775;350,8637;242,8971;-646,6212;518,2075;-885,029;"A"
-483,908258249157;-430,4776;399,8301;128,8681;-397,2853;227,7966;-1371,3055;"A"
-795,739879271147;-370,5899;389,506;36,5798;-645,2978;-107,2903;-1665,096;"A"
-890,504827977808;-724,8207;691,4479;-17,388;-793,4142;-377,1947;-3142,768;"A"
-83,4032425792773;-113,8398;442,1902;147,7423;-92,022;-38,9234;-1807,4659;"C"
-150,587620042755;55,7656;251,4127;-79,899;-108,2215;-221,3451;-1226,7776;"C"
-466,495833732899;-242,5954;112,2804;61,187;-114,435;-344,9274;-793,8307;"A"
-634,489949171196;-277,8107;704,3529;74,1617;-556,8192;-147,5728;-2964,7661;"A"
-231,805582770458;-138,5699;345,3655;227,9504;-202,8764;-142,8207;-1524,0644;"C"
-377,136598913361;-278,4475;-38,6574;192,1072;-389,7699;49,0441;203,892;"B"
-604,86338850356;-476,7588;601,9037;-233,0156;-592,9867;116,253;-2291,1435;"A"
-591,908149438907;-415,8262;141,1614;39,1439;73,3526;-319,8386;-884,2659;"A"
-43,2797077929678;-157,3912;-98,9846;-660,3706;-92,5358;-129,0714;267,0853;"C"
-502,330313004836;-569,6454;-84,8574;276,2069;-235,605;-263,8122;75,8357;"A"
-535,207713823008;-416,1499;-71,8264;-306,3904;-748,314;12,2724;299,7963;"A"
-424,600250652741;-361,316;67,7933;-38,7337;-280,943;-393,4608;-664,4157;"B"
